Batch_ID,T80
Test-01,14.315786058085164
Test-02,23.025316842833917
Test-03,25.64046619297841
Test-04,23.24101203227151
Test-05,8.987284750662496
Test-06,14.312836623899237
Test-07,20.643466561281876
Test-08,14.249844595999258
Test-09,14.70209206962246
