Batch_ID,T80
Test-01,31.834188960487147
Test-02,23.134489858954282
Test-03,27.241121546876165
Test-04,23.441395823715553
Test-05,17.666797076284475
Test-06,28.413627274009656
Test-07,22.351709378938217
Test-08,13.637650688469103
Test-09,15.423987621996986
