Order ID,Order Date,Customer ID,Product ID,Quantity,Customer Name,Email,Country,Size,Unit Price,Sales,Coffee Type Name,Roast Type Name,Loyalty Card,City,Postcode,Country_cust,Email_cust,Loyalty Card_cust,Email_Missing_Flag,Phone Number,Phone_Missing_Flag,Coffee Type,Size_prod,Unit Price_prod,Profit,Year,Quarter,Month_Num,Month,Day_Name,Week,Is_Weekend,YearMonth,Total_Profit,Profit_Margin_Pct,Price_Bucket,Size_Label,Season,Revenue_Tier
QEV-37451-860,2019-09-05,17670-51384-MA,R-M-1,2,Aloisia Allner,aallner0@lulu.com,United States,1.0,9.95,19.9,Robusta,Medium,Yes,Paterson,7505,United States,aallner0@lulu.com,Yes,0,+1 (862) 817-0124,0,Rob,1.0,9.95,0.597,2019,3,9,September,Thursday,36,False,2019-09,1.194,6.0,Standard ($7-10),Large,Autumn,Medium
QEV-37451-860,2019-09-05,17670-51384-MA,E-M-0.5,5,Aloisia Allner,aallner0@lulu.com,United States,0.5,8.25,41.25,Excelsa,Medium,Yes,Paterson,7505,United States,aallner0@lulu.com,Yes,0,+1 (862) 817-0124,0,Exc,0.5,8.25,0.9075,2019,3,9,September,Thursday,36,False,2019-09,4.5375,11.0,Standard ($7-10),Medium,Autumn,High
FAA-43335-268,2021-06-17,21125-22134-PX,A-L-1,1,Jami Redholes,jredholes2@tmall.com,United States,1.0,12.95,12.95,Arabica,Large,Yes,San Antonio,78205,United States,jredholes2@tmall.com,Yes,0,+1 (210) 986-6806,0,Ara,1.0,12.95,1.1655,2021,2,6,June,Thursday,24,False,2021-06,1.1655,9.0,Premium ($10-14),Large,Summer,Low
IPP-31994-879,2022-01-21,65223-29612-CB,E-D-0.5,3,Shaylynn Lobe,slobe6@nifty.com,United States,0.5,7.29,21.87,Excelsa,Dark,Yes,Dayton,45440,United States,slobe6@nifty.com,Yes,0,+1 (937) 954-4541,0,Exc,0.5,7.29,0.8019000000000001,2022,1,1,January,Friday,3,False,2022-01,2.4057000000000004,11.0,Standard ($7-10),Medium,Winter,Medium
EZT-46571-659,2019-01-02,03396-68805-ZC,R-M-0.5,3,Guthrey Petracci,gpetracci8@livejournal.com,United States,0.5,5.97,17.91,Robusta,Medium,No,Los Angeles,90045,United States,gpetracci8@livejournal.com,No,0,+1 (310) 868-1842,0,Rob,0.5,5.97,0.35819999999999996,2019,1,1,January,Wednesday,1,False,2019-01,1.0745999999999998,6.0,Budget (<$7),Medium,Winter,Medium
NWQ-70061-912,2019-09-05,61021-27840-ZN,R-M-0.5,1,Rodger Raven,rraven9@ed.gov,United States,0.5,5.97,5.97,Robusta,Medium,No,Los Angeles,90065,United States,rraven9@ed.gov,No,0,+1 (213) 263-0288,0,Rob,0.5,5.97,0.35819999999999996,2019,3,9,September,Thursday,36,False,2019-09,0.35819999999999996,6.0,Budget (<$7),Medium,Autumn,Low
BKK-47233-845,2021-03-08,76239-90137-UQ,A-D-1,4,Ferrell Ferber,fferbera@businesswire.com,United States,1.0,9.95,39.8,Arabica,Dark,No,San Jose,95160,United States,fferbera@businesswire.com,No,0,+1 (408) 383-5302,0,Ara,1.0,9.95,0.8954999999999999,2021,1,3,March,Monday,10,False,2021-03,3.5819999999999994,9.0,Standard ($7-10),Large,Spring,High
VQR-01002-970,2020-10-28,49315-21985-BB,E-L-2.5,5,Duky Phizackerly,dphizackerlyb@utexas.edu,United States,2.5,34.154999999999994,170.77499999999998,Excelsa,Large,Yes,San Jose,95194,United States,dphizackerlyb@utexas.edu,Yes,0,+1 (408) 533-6012,0,Exc,2.5,34.154999999999994,3.7570499999999996,2020,4,10,October,Wednesday,44,False,2020-10,18.785249999999998,11.0,Luxury (>$14),XL,Autumn,Top
SZW-48378-399,2022-07-02,34136-36674-OM,R-M-1,5,Rosaleen Scholar,rscholarc@nyu.edu,United States,1.0,9.95,49.75,Robusta,Medium,No,Richmond,23285,United States,rscholarc@nyu.edu,No,0,+1 (804) 420-0420,0,Rob,1.0,9.95,0.597,2022,3,7,July,Saturday,26,True,2022-07,2.985,6.0,Standard ($7-10),Large,Summer,High
ITA-87418-783,2020-05-22,39396-12890-PE,R-D-2.5,2,Terence Vanyutin,tvanyutind@wix.com,United States,2.5,20.584999999999997,41.169999999999995,Robusta,Dark,No,Migrate,41905,United States,tvanyutind@wix.com,No,0,UNKNOWN,1,Rob,2.5,20.584999999999997,1.2350999999999999,2020,2,5,May,Friday,21,False,2020-05,2.4701999999999997,6.0,Luxury (>$14),XL,Spring,High
GNZ-46006-527,2022-04-05,95875-73336-RG,L-D-0.2,3,Patrice Trobe,ptrobee@wunderground.com,United States,0.2,3.885,11.655,Libriac,Dark,Yes,Saint Louis,63131,United States,ptrobee@wunderground.com,Yes,0,+1 (314) 240-7896,0,Lib,0.2,3.885,0.50505,2022,2,4,April,Tuesday,14,False,2022-04,1.51515,13.0,Budget (<$7),Small,Spring,Low
FYQ-78248-319,2022-06-07,25473-43727-BY,R-M-2.5,5,Llywellyn Oscroft,loscroftf@ebay.co.uk,United States,2.5,22.884999999999998,114.42499999999998,Robusta,Medium,No,Philadelphia,19172,United States,loscroftf@ebay.co.uk,No,0,UNKNOWN,1,Rob,2.5,22.884999999999998,1.3730999999999998,2022,2,6,June,Tuesday,23,False,2022-06,6.865499999999999,6.0,Luxury (>$14),XL,Summer,Top
VAU-44387-624,2019-03-20,99643-51048-IQ,A-M-0.2,6,Minni Alabaster,malabasterg@hexun.com,United States,0.2,3.375,20.25,Arabica,Medium,No,Portland,97271,United States,malabasterg@hexun.com,No,0,+1 (971) 483-6255,0,Ara,0.2,3.375,0.30374999999999996,2019,1,3,March,Wednesday,12,False,2019-03,1.8224999999999998,9.0,Budget (<$7),Small,Spring,Medium
RDW-33155-159,2019-10-19,62173-15287-CU,A-L-1,6,Rhianon Broxup,rbroxuph@jimdo.com,United States,1.0,12.95,77.69999999999999,Arabica,Large,No,Houston,77240,United States,rbroxuph@jimdo.com,No,0,+1 (713) 663-1338,0,Ara,1.0,12.95,1.1655,2019,4,10,October,Saturday,42,True,2019-10,6.993,9.0,Premium ($10-14),Large,Autumn,Top
TDZ-59011-211,2019-06-13,57611-05522-ST,R-D-2.5,4,Pall Redford,predfordi@ow.ly,Ireland,2.5,20.584999999999997,82.33999999999999,Robusta,Dark,Yes,Caherconlish,F45,Ireland,predfordi@ow.ly,Yes,0,UNKNOWN,1,Rob,2.5,20.584999999999997,1.2350999999999999,2019,2,6,June,Thursday,24,False,2019-06,4.9403999999999995,6.0,Luxury (>$14),XL,Summer,Top
IDU-25793-399,2020-12-04,76664-37050-DT,A-M-0.2,5,Aurea Corradino,acorradinoj@harvard.edu,United States,0.2,3.375,16.875,Arabica,Medium,Yes,New York City,10060,United States,acorradinoj@harvard.edu,Yes,0,+1 (646) 202-5965,0,Ara,0.2,3.375,0.30374999999999996,2020,4,12,December,Friday,49,False,2020-12,1.5187499999999998,9.0,Budget (<$7),Small,Winter,Medium
IDU-25793-399,2020-12-04,76664-37050-DT,E-D-0.2,4,Aurea Corradino,acorradinoj@harvard.edu,United States,0.2,3.645,14.58,Excelsa,Dark,Yes,New York City,10060,United States,acorradinoj@harvard.edu,Yes,0,+1 (646) 202-5965,0,Exc,0.2,3.645,0.40095000000000003,2020,4,12,December,Friday,49,False,2020-12,1.6038000000000001,11.0,Budget (<$7),Small,Winter,Low
NUO-20013-488,2020-12-04,03090-88267-BQ,A-D-0.2,6,Avrit Davidowsky,adavidowskyl@netvibes.com,United States,0.2,2.985,17.91,Arabica,Dark,No,Grand Rapids,49560,United States,adavidowskyl@netvibes.com,No,0,+1 (616) 481-9962,0,Ara,0.2,2.985,0.26865,2020,4,12,December,Friday,49,False,2020-12,1.6118999999999999,9.0,Budget (<$7),Small,Winter,Medium
UQU-65630-479,2021-01-22,37651-47492-NC,R-M-2.5,4,Annabel Antuk,aantukm@kickstarter.com,United States,2.5,22.884999999999998,91.53999999999999,Robusta,Medium,Yes,Punta Gorda,33982,United States,aantukm@kickstarter.com,Yes,0,+1 (941) 740-6268,0,Rob,2.5,22.884999999999998,1.3730999999999998,2021,1,1,January,Friday,3,False,2021-01,5.492399999999999,6.0,Luxury (>$14),XL,Winter,Top
FEO-11834-332,2022-02-11,95399-57205-HI,A-D-0.2,4,Iorgo Kleinert,ikleinertn@timesonline.co.uk,United States,0.2,2.985,11.94,Arabica,Dark,Yes,Vancouver,98682,United States,ikleinertn@timesonline.co.uk,Yes,0,+1 (360) 352-6598,0,Ara,0.2,2.985,0.26865,2022,1,2,February,Friday,6,False,2022-02,1.0746,9.0,Budget (<$7),Small,Winter,Low
TKY-71558-096,2021-09-15,24010-66714-HW,A-M-1,1,Chrisy Blofeld,cblofeldo@amazon.co.uk,United States,1.0,11.25,11.25,Arabica,Medium,No,Englewood,80150,United States,cblofeldo@amazon.co.uk,No,0,+1 (303) 936-3357,0,Ara,1.0,11.25,1.0125,2021,3,9,September,Wednesday,37,False,2021-09,1.0125,9.0,Premium ($10-14),Large,Autumn,Low
EVP-43500-491,2019-02-20,49231-44455-IC,A-M-0.5,4,Selene Shales,sshalesq@umich.edu,United States,0.5,6.75,27.0,Arabica,Medium,Yes,Petaluma,94975,United States,sshalesq@umich.edu,Yes,0,+1 (707) 881-5004,0,Ara,0.5,6.75,0.6074999999999999,2019,1,2,February,Wednesday,8,False,2019-02,2.4299999999999997,9.0,Budget (<$7),Medium,Winter,Medium
WAG-26945-689,2019-10-08,50124-88608-EO,A-M-0.2,5,Vivie Danneil,vdanneilr@mtv.com,Ireland,0.2,3.375,16.875,Arabica,Medium,No,Tralee,V92,Ireland,vdanneilr@mtv.com,No,0,+353 (751) 346-0399,0,Ara,0.2,3.375,0.30374999999999996,2019,4,10,October,Tuesday,41,False,2019-10,1.5187499999999998,9.0,Budget (<$7),Small,Autumn,Medium
CHE-78995-767,2022-08-02,00888-74814-UZ,A-D-0.5,3,Theresita Newbury,tnewburys@usda.gov,Ireland,0.5,5.97,17.91,Arabica,Dark,No,Clonskeagh,D04,Ireland,tnewburys@usda.gov,No,0,+353 (803) 587-0026,0,Ara,0.5,5.97,0.5373,2022,3,8,August,Tuesday,31,False,2022-08,1.6118999999999999,9.0,Budget (<$7),Medium,Summer,Medium
RYZ-14633-602,2019-02-20,14158-30713-OB,A-D-1,4,Mozelle Calcutt,mcalcuttt@baidu.com,Ireland,1.0,9.95,39.8,Arabica,Dark,Yes,Rathwire,Y25,Ireland,mcalcuttt@baidu.com,Yes,0,+353 (928) 869-1762,0,Ara,1.0,9.95,0.8954999999999999,2019,1,2,February,Wednesday,8,False,2019-02,3.5819999999999994,9.0,Standard ($7-10),Large,Winter,High
SCT-60553-454,2021-07-17,39123-12846-YJ,L-L-0.2,5,Gallard Gatheral,ggatheralx@123-reg.co.uk,United States,0.2,4.755,23.775,Libriac,Large,No,Grand Forks,58207,United States,ggatheralx@123-reg.co.uk,No,0,UNKNOWN,1,Lib,0.2,4.755,0.61815,2021,3,7,July,Saturday,28,True,2021-07,3.09075,13.0,Budget (<$7),Small,Summer,Medium
GFK-52063-244,2020-06-29,44981-99666-XB,L-L-0.5,6,Una Welberry,uwelberryy@ebay.co.uk,United Kingdom,0.5,9.51,57.06,Libriac,Large,Yes,Upton,DN21,United Kingdom,uwelberryy@ebay.co.uk,Yes,0,+44 (392) 503-8132,0,Lib,0.5,9.51,1.2363,2020,2,6,June,Monday,27,False,2020-06,7.4178,13.0,Standard ($7-10),Medium,Summer,High
AMM-79521-378,2021-06-01,24825-51803-CQ,A-D-0.5,6,Faber Eilhart,feilhartz@who.int,United States,0.5,5.97,35.82,Arabica,Dark,No,Charleston,25362,United States,feilhartz@who.int,No,0,+1 (304) 510-6095,0,Ara,0.5,5.97,0.5373,2021,2,6,June,Tuesday,22,False,2021-06,3.2237999999999998,9.0,Budget (<$7),Medium,Summer,High
QUQ-90580-772,2021-02-06,77634-13918-GJ,L-M-0.2,2,Zorina Ponting,zponting10@altervista.org,United States,0.2,4.365,8.73,Libriac,Medium,No,Little Rock,72204,United States,zponting10@altervista.org,No,0,+1 (501) 172-1476,0,Lib,0.2,4.365,0.56745,2021,1,2,February,Saturday,5,True,2021-02,1.1349,13.0,Budget (<$7),Small,Winter,Low
LGD-24408-274,2019-04-25,13694-25001-LX,L-L-0.5,3,Silvio Strase,sstrase11@booking.com,United States,0.5,9.51,28.53,Libriac,Large,No,Denver,80291,United States,sstrase11@booking.com,No,0,+1 (303) 579-8015,0,Lib,0.5,9.51,1.2363,2019,2,4,April,Thursday,17,False,2019-04,3.7089,13.0,Standard ($7-10),Medium,Spring,Medium
HCT-95608-959,2020-04-25,08523-01791-TI,R-M-2.5,5,Dorie de la Tremoille,dde12@unesco.org,United States,2.5,22.884999999999998,114.42499999999998,Robusta,Medium,No,Minneapolis,55458,United States,dde12@unesco.org,No,0,+1 (612) 492-5160,0,Rob,2.5,22.884999999999998,1.3730999999999998,2020,2,4,April,Saturday,17,True,2020-04,6.865499999999999,6.0,Luxury (>$14),XL,Spring,Top
XWC-20610-167,2022-07-07,08350-81623-TF,E-D-0.2,2,Lorenzo Yeoland,lyeoland15@pbs.org,United States,0.2,3.645,7.29,Excelsa,Dark,Yes,Hartford,6183,United States,lyeoland15@pbs.org,Yes,0,+1 (860) 576-2887,0,Exc,0.2,3.645,0.40095000000000003,2022,3,7,July,Thursday,27,False,2022-07,0.8019000000000001,11.0,Budget (<$7),Small,Summer,Low
GPU-79113-136,2019-05-22,73284-01385-SJ,R-D-0.2,3,Abigail Tolworthy,atolworthy16@toplist.cz,United States,0.2,2.6849999999999996,8.055,Robusta,Dark,Yes,Ogden,84409,United States,atolworthy16@toplist.cz,Yes,0,+1 (801) 722-4425,0,Rob,0.2,2.6849999999999996,0.16109999999999997,2019,2,5,May,Wednesday,21,False,2019-05,0.4832999999999999,6.0,Budget (<$7),Small,Spring,Low
HPI-42308-142,2020-04-11,06631-86965-XP,E-M-0.5,2,Olag Baudassi,obaudassi18@seesaa.net,United States,0.5,8.25,16.5,Excelsa,Medium,Yes,Rochester,14604,United States,obaudassi18@seesaa.net,Yes,0,+1 (585) 356-6251,0,Exc,0.5,8.25,0.9075,2020,2,4,April,Saturday,15,True,2020-04,1.815,11.0,Standard ($7-10),Medium,Spring,Medium
XHI-30227-581,2022-01-31,54619-08558-ZU,L-D-2.5,6,Petey Kingsbury,pkingsbury19@comcast.net,United States,2.5,29.784999999999997,178.70999999999998,Libriac,Dark,No,Bronx,10469,United States,pkingsbury19@comcast.net,No,0,+1 (917) 705-8224,0,Lib,2.5,29.784999999999997,3.8720499999999998,2022,1,1,January,Monday,5,False,2022-01,23.2323,13.0,Luxury (>$14),XL,Winter,Top
VMW-26889-781,2019-06-28,36078-91009-WU,A-L-0.2,2,Arda Curley,acurley1b@hao123.com,United States,0.2,3.885,7.77,Arabica,Large,Yes,San Bernardino,92415,United States,acurley1b@hao123.com,Yes,0,+1 (760) 840-3808,0,Ara,0.2,3.885,0.34964999999999996,2019,2,6,June,Friday,26,False,2019-06,0.6992999999999999,9.0,Budget (<$7),Small,Summer,Low
DBU-81099-586,2020-09-11,15770-27099-GX,A-D-2.5,4,Raynor McGilvary,rmcgilvary1c@tamu.edu,United States,2.5,22.884999999999998,91.53999999999999,Arabica,Dark,No,Norfolk,23514,United States,rmcgilvary1c@tamu.edu,No,0,UNKNOWN,1,Ara,2.5,22.884999999999998,2.0596499999999995,2020,3,9,September,Friday,37,False,2020-09,8.238599999999998,9.0,Luxury (>$14),XL,Autumn,Top
PQA-54820-810,2022-08-17,91460-04823-BX,A-L-1,3,Isis Pikett,ipikett1d@xinhuanet.com,United States,1.0,12.95,38.849999999999994,Arabica,Large,No,Washington,20409,United States,ipikett1d@xinhuanet.com,No,0,+1 (202) 871-9039,0,Ara,1.0,12.95,1.1655,2022,3,8,August,Wednesday,33,False,2022-08,3.4965,9.0,Premium ($10-14),Large,Summer,High
XKB-41924-202,2022-08-19,45089-52817-WN,L-D-0.5,2,Inger Bouldon,ibouldon1e@gizmodo.com,United States,0.5,7.77,15.54,Libriac,Dark,No,Fort Lauderdale,33355,United States,ibouldon1e@gizmodo.com,No,0,+1 (754) 391-4736,0,Lib,0.5,7.77,1.0101,2022,3,8,August,Friday,33,False,2022-08,2.0202,13.0,Standard ($7-10),Medium,Summer,Low
DWZ-69106-473,2019-05-15,76447-50326-IC,L-L-2.5,4,Karry Flanders,kflanders1f@over-blog.com,Ireland,2.5,36.455,145.82,Libriac,Large,Yes,Crumlin,D6W,Ireland,kflanders1f@over-blog.com,Yes,0,+353 (467) 720-7274,0,Lib,2.5,36.455,4.7391499999999995,2019,2,5,May,Wednesday,20,False,2019-05,18.956599999999998,13.0,Luxury (>$14),XL,Spring,Top
YHV-68700-050,2019-09-11,26333-67911-OL,R-M-0.5,5,Hartley Mattioli,hmattioli1g@webmd.com,United Kingdom,0.5,5.97,29.849999999999998,Robusta,Medium,No,Kinloch,PH43,United Kingdom,hmattioli1g@webmd.com,No,0,UNKNOWN,1,Rob,0.5,5.97,0.35819999999999996,2019,3,9,September,Wednesday,37,False,2019-09,1.791,6.0,Budget (<$7),Medium,Autumn,High
YHV-68700-050,2019-09-11,26333-67911-OL,L-L-2.5,2,Hartley Mattioli,hmattioli1g@webmd.com,United Kingdom,2.5,36.455,72.91,Libriac,Large,No,Kinloch,PH43,United Kingdom,hmattioli1g@webmd.com,No,0,UNKNOWN,1,Lib,2.5,36.455,4.7391499999999995,2019,3,9,September,Wednesday,37,False,2019-09,9.478299999999999,13.0,Luxury (>$14),XL,Autumn,Top
KRB-88066-642,2021-03-16,22107-86640-SB,L-M-1,5,Archambault Gillard,agillard1i@issuu.com,United States,1.0,14.55,72.75,Libriac,Medium,No,Toledo,43666,United States,agillard1i@issuu.com,No,0,+1 (419) 663-2236,0,Lib,1.0,14.55,1.8915000000000002,2021,1,3,March,Tuesday,11,False,2021-03,9.457500000000001,13.0,Luxury (>$14),Large,Spring,Top
CWK-60159-881,2020-01-27,04671-85591-RT,E-D-0.2,3,Theda Grizard,tgrizard1k@odnoklassniki.ru,United States,0.2,3.645,10.935,Excelsa,Dark,Yes,Tampa,33686,United States,tgrizard1k@odnoklassniki.ru,Yes,0,+1 (813) 243-2150,0,Exc,0.2,3.645,0.40095000000000003,2020,1,1,January,Monday,5,False,2020-01,1.2028500000000002,11.0,Budget (<$7),Small,Winter,Low
EEG-74197-843,2022-07-17,25729-68859-UA,E-L-1,4,Rozele Relton,rrelton1l@stanford.edu,United States,1.0,14.85,59.4,Excelsa,Large,No,Pensacola,32590,United States,rrelton1l@stanford.edu,No,0,+1 (850) 626-1181,0,Exc,1.0,14.85,1.6335,2022,3,7,July,Sunday,28,True,2022-07,6.534,11.0,Luxury (>$14),Large,Summer,High
HUB-47311-849,2021-12-07,04521-04300-OK,L-M-0.5,3,Stanislaus Gilroy,sgilroy1n@eepurl.com,United States,0.5,8.73,26.19,Libriac,Medium,Yes,Saint Paul,55123,United States,sgilroy1n@eepurl.com,Yes,0,UNKNOWN,1,Lib,0.5,8.73,1.1349,2021,4,12,December,Tuesday,49,False,2021-12,3.4047,13.0,Standard ($7-10),Medium,Winter,Medium
WYM-17686-694,2021-02-25,58689-55264-VK,A-D-2.5,5,Correy Cottingham,ccottingham1o@wikipedia.org,United States,2.5,22.884999999999998,114.42499999999998,Arabica,Dark,No,Fort Wayne,46862,United States,ccottingham1o@wikipedia.org,No,0,+1 (260) 764-1820,0,Ara,2.5,22.884999999999998,2.0596499999999995,2021,1,2,February,Thursday,8,False,2021-02,10.298249999999998,9.0,Luxury (>$14),XL,Winter,Top
RWR-77888-800,2020-02-07,69904-02729-YS,A-M-0.5,1,Annadiane Dykes,adykes1r@eventbrite.com,United States,0.5,6.75,6.75,Arabica,Medium,No,Chicago,60681,United States,adykes1r@eventbrite.com,No,0,+1 (312) 111-6203,0,Ara,0.5,6.75,0.6074999999999999,2020,1,2,February,Friday,6,False,2020-02,0.6074999999999999,9.0,Budget (<$7),Medium,Winter,Low
TIR-71396-998,2022-03-06,14204-14186-LA,R-D-2.5,4,Angelia Cockrem,acockrem1t@engadget.com,United States,2.5,20.584999999999997,82.33999999999999,Robusta,Dark,Yes,Vienna,22184,United States,acockrem1t@engadget.com,Yes,0,+1 (571) 316-8217,0,Rob,2.5,20.584999999999997,1.2350999999999999,2022,1,3,March,Sunday,9,True,2022-03,4.9403999999999995,6.0,Luxury (>$14),XL,Spring,Top
RXF-37618-213,2022-04-15,32948-34398-HC,R-L-0.5,1,Belvia Umpleby,bumpleby1u@soundcloud.com,United States,0.5,7.169999999999999,7.169999999999999,Robusta,Large,Yes,Fort Worth,76178,United States,bumpleby1u@soundcloud.com,Yes,0,+1 (682) 627-0888,0,Rob,0.5,7.169999999999999,0.4301999999999999,2022,2,4,April,Friday,15,False,2022-04,0.4301999999999999,6.0,Standard ($7-10),Medium,Spring,Low
ANM-16388-634,2021-11-19,77343-52608-FF,L-L-0.2,2,Nat Saleway,nsaleway1v@dedecms.com,United States,0.2,4.755,9.51,Libriac,Large,No,Burbank,91505,United States,nsaleway1v@dedecms.com,No,0,+1 (323) 473-0294,0,Lib,0.2,4.755,0.61815,2021,4,11,November,Friday,46,False,2021-11,1.2363,13.0,Budget (<$7),Small,Autumn,Low
WYL-29300-070,2019-10-16,42770-36274-QA,R-M-0.2,1,Hayward Goulter,hgoulter1w@abc.net.au,United States,0.2,2.985,2.985,Robusta,Medium,No,Kingsport,37665,United States,hgoulter1w@abc.net.au,No,0,+1 (423) 764-7751,0,Rob,0.2,2.985,0.17909999999999998,2019,4,10,October,Wednesday,42,False,2019-10,0.17909999999999998,6.0,Budget (<$7),Small,Autumn,Low
JHW-74554-805,2019-11-26,14103-58987-ZU,R-M-1,6,Gay Rizzello,grizzello1x@symantec.com,United Kingdom,1.0,9.95,59.699999999999996,Robusta,Medium,Yes,Liverpool,L33,United Kingdom,grizzello1x@symantec.com,Yes,0,+44 (247) 225-8003,0,Rob,1.0,9.95,0.597,2019,4,11,November,Tuesday,48,False,2019-11,3.582,6.0,Standard ($7-10),Large,Autumn,Top
KYS-27063-603,2019-06-30,69958-32065-SW,E-L-2.5,4,Shannon List,slist1y@mapquest.com,United States,2.5,34.154999999999994,136.61999999999998,Excelsa,Large,No,Columbus,43231,United States,slist1y@mapquest.com,No,0,+1 (614) 279-9816,0,Exc,2.5,34.154999999999994,3.7570499999999996,2019,2,6,June,Sunday,26,True,2019-06,15.028199999999998,11.0,Luxury (>$14),XL,Summer,Top
GAZ-58626-277,2021-01-04,69533-84907-FA,L-L-0.2,2,Shirlene Edmondson,sedmondson1z@theguardian.com,Ireland,0.2,4.755,9.51,Libriac,Large,No,Newmarket on Fergus,P17,Ireland,sedmondson1z@theguardian.com,No,0,+353 (248) 428-7978,0,Lib,0.2,4.755,0.61815,2021,1,1,January,Monday,1,False,2021-01,1.2363,13.0,Budget (<$7),Small,Winter,Low
RPW-36123-215,2021-07-19,80640-45811-LB,E-L-0.5,2,Jennifer Rangall,jrangall22@newsvine.com,United States,0.5,8.91,17.82,Excelsa,Large,Yes,Springfield,1114,United States,jrangall22@newsvine.com,Yes,0,+1 (781) 512-6637,0,Exc,0.5,8.91,0.9801,2021,3,7,July,Monday,29,False,2021-07,1.9602,11.0,Standard ($7-10),Medium,Summer,Medium
WLL-59044-117,2021-07-23,28476-04082-GR,R-D-1,6,Kipper Boorn,kboorn23@ezinearticles.com,Ireland,1.0,8.95,53.699999999999996,Robusta,Dark,Yes,Listowel,V31,Ireland,kboorn23@ezinearticles.com,Yes,0,+353 (359) 134-1550,0,Rob,1.0,8.95,0.5369999999999999,2021,3,7,July,Friday,29,False,2021-07,3.2219999999999995,6.0,Standard ($7-10),Large,Summer,High
QLM-07145-668,2019-05-09,86437-17399-FK,E-D-0.2,2,Colene Elgey,celgey25@webs.com,United States,0.2,3.645,7.29,Excelsa,Dark,No,Midland,79705,United States,celgey25@webs.com,No,0,+1 (432) 261-0702,0,Exc,0.2,3.645,0.40095000000000003,2019,2,5,May,Thursday,19,False,2019-05,0.8019000000000001,11.0,Budget (<$7),Small,Spring,Low
HVQ-64398-930,2020-03-30,62979-53167-ML,A-M-0.5,6,Lothaire Mizzi,lmizzi26@rakuten.co.jp,United States,0.5,6.75,40.5,Arabica,Medium,Yes,Dallas,75323,United States,lmizzi26@rakuten.co.jp,Yes,0,+1 (214) 719-8530,0,Ara,0.5,6.75,0.6074999999999999,2020,1,3,March,Monday,14,False,2020-03,3.6449999999999996,9.0,Budget (<$7),Medium,Spring,High
WRT-40778-247,2022-03-13,54810-81899-HL,R-L-1,4,Cletis Giacomazzo,cgiacomazzo27@jigsy.com,United States,1.0,11.95,47.8,Robusta,Large,No,Dulles,20189,United States,cgiacomazzo27@jigsy.com,No,0,+1 (571) 703-2064,0,Rob,1.0,11.95,0.717,2022,1,3,March,Sunday,10,True,2022-03,2.868,6.0,Premium ($10-14),Large,Spring,High
SUB-13006-125,2019-04-17,26103-41504-IB,A-L-0.5,5,Ami Arnow,aarnow28@arizona.edu,United States,0.5,7.77,38.849999999999994,Arabica,Large,Yes,Oakland,94627,United States,aarnow28@arizona.edu,Yes,0,+1 (650) 238-1964,0,Ara,0.5,7.77,0.6992999999999999,2019,2,4,April,Wednesday,16,False,2019-04,3.4964999999999997,9.0,Standard ($7-10),Medium,Spring,High
CQM-49696-263,2019-10-25,76534-45229-SG,L-L-2.5,3,Sheppard Yann,syann29@senate.gov,United States,2.5,36.455,109.365,Libriac,Large,Yes,Colorado Springs,80930,United States,syann29@senate.gov,Yes,0,+1 (719) 803-5276,0,Lib,2.5,36.455,4.7391499999999995,2019,4,10,October,Friday,43,False,2019-10,14.21745,13.0,Luxury (>$14),XL,Autumn,Top
KXN-85094-246,2019-09-13,81744-27332-RR,L-M-2.5,3,Bunny Naulls,bnaulls2a@tiny.cc,Ireland,2.5,33.464999999999996,100.39499999999998,Libriac,Medium,Yes,Adare,H54,Ireland,bnaulls2a@tiny.cc,Yes,0,+353 (809) 128-0755,0,Lib,2.5,33.464999999999996,4.3504499999999995,2019,3,9,September,Friday,37,False,2019-09,13.05135,13.0,Luxury (>$14),XL,Autumn,Top
HYF-10254-369,2019-11-14,30373-66619-CB,L-L-0.5,1,Zaccaria Sherewood,zsherewood2c@apache.org,United States,0.5,9.51,9.51,Libriac,Large,No,Fresno,93715,United States,zsherewood2c@apache.org,No,0,+1 (209) 433-7924,0,Lib,0.5,9.51,1.2363,2019,4,11,November,Thursday,46,False,2019-11,1.2363,13.0,Standard ($7-10),Medium,Autumn,Low
XXJ-47000-307,2019-07-18,31582-23562-FM,A-L-2.5,3,Jeffrey Dufaire,jdufaire2d@fc2.com,United States,2.5,29.784999999999997,89.35499999999999,Arabica,Large,No,Fort Worth,76121,United States,jdufaire2d@fc2.com,No,0,UNKNOWN,1,Ara,2.5,29.784999999999997,2.6806499999999995,2019,3,7,July,Thursday,29,False,2019-07,8.041949999999998,9.0,Luxury (>$14),XL,Summer,Top
XXJ-47000-307,2019-07-18,31582-23562-FM,A-D-0.2,4,Jeffrey Dufaire,jdufaire2d@fc2.com,United States,0.2,2.985,11.94,Arabica,Dark,No,Fort Worth,76121,United States,jdufaire2d@fc2.com,No,0,UNKNOWN,1,Ara,0.2,2.985,0.26865,2019,3,7,July,Thursday,29,False,2019-07,1.0746,9.0,Budget (<$7),Small,Summer,Low
ZDK-82166-357,2021-04-03,81431-12577-VD,A-M-1,3,Beitris Keaveney,bkeaveney2f@netlog.com,United States,1.0,11.25,33.75,Arabica,Medium,No,Beaumont,77705,United States,bkeaveney2f@netlog.com,No,0,UNKNOWN,1,Ara,1.0,11.25,1.0125,2021,2,4,April,Saturday,13,True,2021-04,3.0374999999999996,9.0,Premium ($10-14),Large,Spring,High
IHN-19982-362,2021-03-29,68894-91205-MP,R-L-1,3,Elna Grise,egrise2g@cargocollective.com,United States,1.0,11.95,35.849999999999994,Robusta,Large,No,Reno,89519,United States,egrise2g@cargocollective.com,No,0,UNKNOWN,1,Rob,1.0,11.95,0.717,2021,1,3,March,Monday,13,False,2021-03,2.151,6.0,Premium ($10-14),Large,Spring,High
VMT-10030-889,2021-12-15,87602-55754-VN,A-L-1,6,Torie Gottelier,tgottelier2h@vistaprint.com,United States,1.0,12.95,77.69999999999999,Arabica,Large,No,Kansas City,64136,United States,tgottelier2h@vistaprint.com,No,0,+1 (816) 743-8492,0,Ara,1.0,12.95,1.1655,2021,4,12,December,Wednesday,50,False,2021-12,6.993,9.0,Premium ($10-14),Large,Winter,Top
ROV-87448-086,2020-11-02,30381-64762-NG,A-M-2.5,4,Adham Greenhead,agreenhead2j@dailymail.co.uk,United States,2.5,25.874999999999996,103.49999999999999,Arabica,Medium,No,Corona,92878,United States,agreenhead2j@dailymail.co.uk,No,0,+1 (951) 797-0738,0,Ara,2.5,25.874999999999996,2.3287499999999994,2020,4,11,November,Monday,45,False,2020-11,9.314999999999998,9.0,Luxury (>$14),XL,Autumn,Top
YWH-50638-556,2019-03-14,89442-35633-HJ,E-L-0.5,4,Else Langcaster,elangcaster2l@spotify.com,United Kingdom,0.5,8.91,35.64,Excelsa,Large,Yes,Normanton,LE15,United Kingdom,elangcaster2l@spotify.com,Yes,0,+44 (547) 590-3103,0,Exc,0.5,8.91,0.9801,2019,1,3,March,Thursday,11,False,2019-03,3.9204,11.0,Standard ($7-10),Medium,Spring,High
LBZ-75997-047,2019-12-17,40946-22090-FP,A-M-2.5,6,Norene Magauran,nmagauran2n@51.la,United States,2.5,25.874999999999996,155.24999999999997,Arabica,Medium,No,Fresno,93762,United States,nmagauran2n@51.la,No,0,UNKNOWN,1,Ara,2.5,25.874999999999996,2.3287499999999994,2019,4,12,December,Tuesday,51,False,2019-12,13.972499999999997,9.0,Luxury (>$14),XL,Winter,Top
EUH-08089-954,2020-12-06,29050-93691-TS,A-D-0.2,2,Vicki Kirdsch,vkirdsch2o@google.fr,United States,0.2,2.985,5.97,Arabica,Dark,No,Saint Louis,63150,United States,vkirdsch2o@google.fr,No,0,UNKNOWN,1,Ara,0.2,2.985,0.26865,2020,4,12,December,Sunday,49,True,2020-12,0.5373,9.0,Budget (<$7),Small,Winter,Low
BLD-12227-251,2021-03-04,64395-74865-WF,A-M-0.5,2,Ilysa Whapple,iwhapple2p@com.com,United States,0.5,6.75,13.5,Arabica,Medium,No,Fresno,93726,United States,iwhapple2p@com.com,No,0,+1 (559) 522-1152,0,Ara,0.5,6.75,0.6074999999999999,2021,1,3,March,Thursday,9,False,2021-03,1.2149999999999999,9.0,Budget (<$7),Medium,Spring,Low
HSF-66926-425,2020-03-01,00539-42510-RY,L-D-2.5,5,Nickey Youles,nyoules2t@reference.com,Ireland,2.5,29.784999999999997,148.92499999999998,Libriac,Dark,Yes,Edgeworthstown,E25,Ireland,nyoules2t@reference.com,Yes,0,+353 (641) 846-7654,0,Lib,2.5,29.784999999999997,3.8720499999999998,2020,1,3,March,Sunday,9,True,2020-03,19.36025,13.0,Luxury (>$14),XL,Spring,Top
LQG-41416-375,2021-10-19,45190-08727-NV,L-D-1,3,Dyanna Aizikovitz,daizikovitz2u@answers.com,Ireland,1.0,12.95,38.849999999999994,Libriac,Dark,Yes,Leixlip,A86,Ireland,daizikovitz2u@answers.com,Yes,0,+353 (766) 141-6317,0,Lib,1.0,12.95,1.6835,2021,4,10,October,Tuesday,42,False,2021-10,5.0504999999999995,13.0,Premium ($10-14),Large,Autumn,High
VZO-97265-841,2022-07-08,87049-37901-FU,R-M-0.2,4,Bram Revel,brevel2v@fastcompany.com,United States,0.2,2.985,11.94,Robusta,Medium,No,Rochester,14652,United States,brevel2v@fastcompany.com,No,0,+1 (585) 775-6952,0,Rob,0.2,2.985,0.17909999999999998,2022,3,7,July,Friday,27,False,2022-07,0.7163999999999999,6.0,Budget (<$7),Small,Summer,Low
MOR-12987-399,2019-08-17,34015-31593-JC,L-M-1,6,Emiline Priddis,epriddis2w@nationalgeographic.com,United States,1.0,14.55,87.30000000000001,Libriac,Medium,No,Tuscaloosa,35487,United States,epriddis2w@nationalgeographic.com,No,0,+1 (205) 133-0205,0,Lib,1.0,14.55,1.8915000000000002,2019,3,8,August,Saturday,33,True,2019-08,11.349,13.0,Luxury (>$14),Large,Summer,Top
UOA-23786-489,2020-05-31,90305-50099-SV,A-M-0.5,6,Queenie Veel,qveel2x@jugem.jp,United States,0.5,6.75,40.5,Arabica,Medium,Yes,Houston,77260,United States,qveel2x@jugem.jp,Yes,0,+1 (713) 750-9202,0,Ara,0.5,6.75,0.6074999999999999,2020,2,5,May,Sunday,22,True,2020-05,3.6449999999999996,9.0,Budget (<$7),Medium,Spring,High
AJL-52941-018,2020-05-05,55871-61935-MF,E-D-1,2,Lind Conyers,lconyers2y@twitter.com,United States,1.0,12.15,24.3,Excelsa,Dark,No,El Paso,88514,United States,lconyers2y@twitter.com,No,0,+1 (915) 476-5712,0,Exc,1.0,12.15,1.3365,2020,2,5,May,Tuesday,19,False,2020-05,2.673,11.0,Premium ($10-14),Large,Spring,Medium
XSZ-84273-421,2019-04-14,15405-60469-TM,R-M-0.5,3,Pen Wye,pwye2z@dagondesign.com,United States,0.5,5.97,17.91,Robusta,Medium,Yes,Colorado Springs,80935,United States,pwye2z@dagondesign.com,Yes,0,+1 (719) 620-1128,0,Rob,0.5,5.97,0.35819999999999996,2019,2,4,April,Sunday,15,True,2019-04,1.0745999999999998,6.0,Budget (<$7),Medium,Spring,Medium
AKV-93064-769,2019-12-12,22305-40299-CY,L-D-0.5,1,Terry Sheryn,tsheryn31@mtv.com,United States,0.5,7.77,7.77,Libriac,Dark,Yes,Port Washington,11054,United States,tsheryn31@mtv.com,Yes,0,+1 (516) 826-3780,0,Lib,0.5,7.77,1.0101,2019,4,12,December,Thursday,50,False,2019-12,1.0101,13.0,Standard ($7-10),Medium,Winter,Low
BRB-40903-533,2022-06-15,09020-56774-GU,E-L-0.2,3,Marie-jeanne Redgrave,mredgrave32@cargocollective.com,United States,0.2,4.455,13.365,Excelsa,Large,Yes,Springfield,1105,United States,mredgrave32@cargocollective.com,Yes,0,+1 (413) 691-2892,0,Exc,0.2,4.455,0.49005,2022,2,6,June,Wednesday,24,False,2022-06,1.4701499999999998,11.0,Budget (<$7),Small,Summer,Low
GPR-19973-483,2019-06-26,92926-08470-YS,R-D-0.5,5,Betty Fominov,bfominov33@yale.edu,United States,0.5,5.369999999999999,26.849999999999994,Robusta,Dark,No,Pensacola,32575,United States,bfominov33@yale.edu,No,0,UNKNOWN,1,Rob,0.5,5.369999999999999,0.32219999999999993,2019,2,6,June,Wednesday,26,False,2019-06,1.6109999999999998,6.0,Budget (<$7),Medium,Summer,Medium
XIY-43041-882,2021-10-12,07250-63194-JO,A-M-1,1,Shawnee Critchlow,scritchlow34@un.org,United States,1.0,11.25,11.25,Arabica,Medium,No,Richmond,23242,United States,scritchlow34@un.org,No,0,+1 (804) 428-7292,0,Ara,1.0,11.25,1.0125,2021,4,10,October,Tuesday,41,False,2021-10,1.0125,9.0,Premium ($10-14),Large,Autumn,Low
YGY-98425-969,2019-04-01,63787-96257-TQ,L-M-1,1,Merrel Steptow,msteptow35@earthlink.net,Ireland,1.0,14.55,14.55,Libriac,Medium,No,Cherryville,P31,Ireland,msteptow35@earthlink.net,No,0,+353 (266) 235-5189,0,Lib,1.0,14.55,1.8915000000000002,2019,2,4,April,Monday,14,False,2019-04,1.8915000000000002,13.0,Luxury (>$14),Large,Spring,Low
WDR-06028-345,2019-08-16,66508-21373-OQ,L-L-1,1,Ingeberg Mulliner,imulliner37@pinterest.com,United Kingdom,1.0,15.85,15.85,Libriac,Large,No,Birmingham,B40,United Kingdom,imulliner37@pinterest.com,No,0,+44 (331) 777-9556,0,Lib,1.0,15.85,2.0605,2019,3,8,August,Friday,33,False,2019-08,2.0605,13.0,Luxury (>$14),Large,Summer,Medium
MXM-42948-061,2020-08-11,20203-03950-FY,L-L-0.2,4,Geneva Standley,gstandley38@dion.ne.jp,Ireland,0.2,4.755,19.02,Libriac,Large,Yes,Killorglin,H14,Ireland,gstandley38@dion.ne.jp,Yes,0,+353 (521) 138-4331,0,Lib,0.2,4.755,0.61815,2020,3,8,August,Tuesday,33,False,2020-08,2.4726,13.0,Budget (<$7),Small,Summer,Medium
MGQ-98961-173,2022-04-05,83895-90735-XH,L-L-0.5,4,Brook Drage,bdrage39@youku.com,United States,0.5,9.51,38.04,Libriac,Large,No,Dayton,45432,United States,bdrage39@youku.com,No,0,+1 (937) 566-3449,0,Lib,0.5,9.51,1.2363,2022,2,4,April,Tuesday,14,False,2022-04,4.9452,13.0,Standard ($7-10),Medium,Spring,High
RFH-64349-897,2019-10-22,61954-61462-RJ,E-D-0.5,3,Muffin Yallop,myallop3a@fema.gov,United States,0.5,7.29,21.87,Excelsa,Dark,Yes,Anchorage,99507,United States,myallop3a@fema.gov,Yes,0,+1 (907) 267-1236,0,Exc,0.5,7.29,0.8019000000000001,2019,4,10,October,Tuesday,43,False,2019-10,2.4057000000000004,11.0,Standard ($7-10),Medium,Autumn,Medium
TKL-20738-660,2021-10-02,47939-53158-LS,E-M-0.2,1,Cordi Switsur,cswitsur3b@chronoengine.com,United States,0.2,4.125,4.125,Excelsa,Medium,No,Nashville,37215,United States,cswitsur3b@chronoengine.com,No,0,+1 (615) 791-3142,0,Exc,0.2,4.125,0.45375,2021,4,10,October,Saturday,39,True,2021-10,0.45375,11.0,Budget (<$7),Small,Autumn,Low
TKL-20738-660,2021-10-02,47939-53158-LS,A-L-0.2,1,Cordi Switsur,cswitsur3b@chronoengine.com,United States,0.2,3.885,3.885,Arabica,Large,No,Nashville,37215,United States,cswitsur3b@chronoengine.com,No,0,+1 (615) 791-3142,0,Ara,0.2,3.885,0.34964999999999996,2021,4,10,October,Saturday,39,True,2021-10,0.34964999999999996,9.0,Budget (<$7),Small,Autumn,Low
TKL-20738-660,2021-10-02,47939-53158-LS,E-M-1,5,Cordi Switsur,cswitsur3b@chronoengine.com,United States,1.0,13.75,68.75,Excelsa,Medium,No,Nashville,37215,United States,cswitsur3b@chronoengine.com,No,0,+1 (615) 791-3142,0,Exc,1.0,13.75,1.5125,2021,4,10,October,Saturday,39,True,2021-10,7.5625,11.0,Premium ($10-14),Large,Autumn,Top
GOW-03198-575,2021-03-13,61513-27752-FA,A-D-0.5,4,Mahala Ludwell,mludwell3e@blogger.com,United States,0.5,5.97,23.88,Arabica,Dark,Yes,Denver,80217,United States,mludwell3e@blogger.com,Yes,0,+1 (303) 242-3542,0,Ara,0.5,5.97,0.5373,2021,1,3,March,Saturday,10,True,2021-03,2.1492,9.0,Budget (<$7),Medium,Spring,Medium
QJB-90477-635,2022-06-12,89714-19856-WX,L-L-2.5,4,Doll Beauchamp,dbeauchamp3f@usda.gov,United States,2.5,36.455,145.82,Libriac,Large,No,Stamford,6912,United States,dbeauchamp3f@usda.gov,No,0,+1 (203) 189-4256,0,Lib,2.5,36.455,4.7391499999999995,2022,2,6,June,Sunday,23,True,2022-06,18.956599999999998,13.0,Luxury (>$14),XL,Summer,Top
MWP-46239-785,2019-04-27,87979-56781-YV,L-M-0.2,5,Stanford Rodliff,srodliff3g@ted.com,United States,0.2,4.365,21.825000000000003,Libriac,Medium,Yes,Newport News,23605,United States,srodliff3g@ted.com,Yes,0,+1 (757) 537-3012,0,Lib,0.2,4.365,0.56745,2019,2,4,April,Saturday,17,True,2019-04,2.83725,13.0,Budget (<$7),Small,Spring,Medium
QDV-03406-248,2019-05-23,74126-88836-KA,L-M-0.5,3,Stevana Woodham,swoodham3h@businesswire.com,Ireland,0.5,8.73,26.19,Libriac,Medium,Yes,Drumcondra,D11,Ireland,swoodham3h@businesswire.com,Yes,0,+353 (190) 188-4918,0,Lib,0.5,8.73,1.1349,2019,2,5,May,Thursday,21,False,2019-05,3.4047,13.0,Standard ($7-10),Medium,Spring,Medium
GPH-40635-105,2020-07-14,37397-05992-VO,A-M-1,1,Hewet Synnot,hsynnot3i@about.com,United States,1.0,11.25,11.25,Arabica,Medium,No,Anchorage,99599,United States,hsynnot3i@about.com,No,0,+1 (907) 245-0601,0,Ara,1.0,11.25,1.0125,2020,3,7,July,Tuesday,29,False,2020-07,1.0125,9.0,Premium ($10-14),Large,Summer,Low
JOM-80930-071,2021-11-10,54904-18397-UD,L-D-1,6,Raleigh Lepere,rlepere3j@shop-pro.jp,Ireland,1.0,12.95,77.69999999999999,Libriac,Dark,No,Beaumont,D17,Ireland,rlepere3j@shop-pro.jp,No,0,+353 (792) 857-4513,0,Lib,1.0,12.95,1.6835,2021,4,11,November,Wednesday,45,False,2021-11,10.100999999999999,13.0,Premium ($10-14),Large,Autumn,Top
OIL-26493-755,2021-08-31,19017-95853-EK,A-M-0.5,1,Timofei Woofinden,twoofinden3k@businesswire.com,United States,0.5,6.75,6.75,Arabica,Medium,No,Fargo,58122,United States,twoofinden3k@businesswire.com,No,0,+1 (701) 503-1067,0,Ara,0.5,6.75,0.6074999999999999,2021,3,8,August,Tuesday,35,False,2021-08,0.6074999999999999,9.0,Budget (<$7),Medium,Summer,Low
CYV-13426-645,2019-07-06,88593-59934-VU,E-D-1,1,Evelina Dacca,edacca3l@google.pl,United States,1.0,12.15,12.15,Excelsa,Dark,Yes,Evansville,47737,United States,edacca3l@google.pl,Yes,0,+1 (812) 921-5458,0,Exc,1.0,12.15,1.3365,2019,3,7,July,Saturday,27,True,2019-07,1.3365,11.0,Premium ($10-14),Large,Summer,Low
VDZ-76673-968,2020-12-31,82246-82543-DW,E-D-0.5,2,Bobinette Hindsberg,bhindsberg3n@blogs.com,United States,0.5,7.29,14.58,Excelsa,Dark,Yes,Charlotte,28210,United States,bhindsberg3n@blogs.com,Yes,0,+1 (704) 888-5303,0,Exc,0.5,7.29,0.8019000000000001,2020,4,12,December,Thursday,53,False,2020-12,1.6038000000000001,11.0,Standard ($7-10),Medium,Winter,Low
VTV-03546-175,2020-07-31,03384-62101-IY,A-L-2.5,5,Osbert Robins,orobins3o@salon.com,United States,2.5,29.784999999999997,148.92499999999998,Arabica,Large,Yes,Huntsville,35815,United States,orobins3o@salon.com,Yes,0,+1 (256) 196-8054,0,Ara,2.5,29.784999999999997,2.6806499999999995,2020,3,7,July,Friday,31,False,2020-07,13.403249999999998,9.0,Luxury (>$14),XL,Summer,Top
GHR-72274-715,2021-05-24,86881-41559-OR,L-D-1,1,Othello Syseland,osyseland3p@independent.co.uk,United States,1.0,12.95,12.95,Libriac,Dark,No,Santa Ana,92725,United States,osyseland3p@independent.co.uk,No,0,+1 (714) 895-0210,0,Lib,1.0,12.95,1.6835,2021,2,5,May,Monday,21,False,2021-05,1.6835,13.0,Premium ($10-14),Large,Spring,Low
ZFS-30776-804,2021-02-05,58638-01029-CB,A-L-0.5,5,Blancha McAmish,bmcamish2e@tripadvisor.com,United States,0.5,7.77,38.849999999999994,Arabica,Large,Yes,Oklahoma City,73179,United States,bmcamish2e@tripadvisor.com,Yes,0,UNKNOWN,1,Ara,0.5,7.77,0.6992999999999999,2021,1,2,February,Friday,5,False,2021-02,3.4964999999999997,9.0,Standard ($7-10),Medium,Winter,High
QUU-91729-492,2021-07-29,90312-11148-LA,A-D-0.2,4,Lowell Keenleyside,lkeenleyside3s@topsy.com,United States,0.2,2.985,11.94,Arabica,Dark,No,Saint Louis,63131,United States,lkeenleyside3s@topsy.com,No,0,+1 (636) 713-5124,0,Ara,0.2,2.985,0.26865,2021,3,7,July,Thursday,30,False,2021-07,1.0746,9.0,Budget (<$7),Small,Summer,Low
ZJE-89333-489,2022-05-13,08694-57330-XR,L-D-2.5,1,Vallie Kundt,vkundt3w@bigcartel.com,Ireland,2.5,29.784999999999997,29.784999999999997,Libriac,Dark,Yes,Ballivor,D17,Ireland,vkundt3w@bigcartel.com,Yes,0,+353 (472) 791-2507,0,Lib,2.5,29.784999999999997,3.8720499999999998,2022,2,5,May,Friday,19,False,2022-05,3.8720499999999998,13.0,Luxury (>$14),XL,Spring,High
LOO-35324-159,2020-05-19,68412-11126-YJ,A-L-0.2,4,Boyd Bett,bbett3x@google.de,United States,0.2,3.885,15.54,Arabica,Large,Yes,Washington,20520,United States,bbett3x@google.de,Yes,0,+1 (202) 632-9905,0,Ara,0.2,3.885,0.34964999999999996,2020,2,5,May,Tuesday,21,False,2020-05,1.3985999999999998,9.0,Budget (<$7),Small,Spring,Low
EHX-66333-637,2020-09-09,01297-94364-XH,L-M-0.5,2,Deana Staite,dstaite3z@scientificamerican.com,United States,0.5,8.73,17.46,Libriac,Medium,No,Houston,77281,United States,dstaite3z@scientificamerican.com,No,0,+1 (713) 478-3937,0,Lib,0.5,8.73,1.1349,2020,3,9,September,Wednesday,37,False,2020-09,2.2698,13.0,Standard ($7-10),Medium,Autumn,Medium
WXG-25759-236,2021-03-10,39919-06540-ZI,E-L-2.5,2,Winn Keyse,wkeyse40@apple.com,United States,2.5,34.154999999999994,68.30999999999999,Excelsa,Large,Yes,Orange,92668,United States,wkeyse40@apple.com,Yes,0,+1 (650) 947-8867,0,Exc,2.5,34.154999999999994,3.7570499999999996,2021,1,3,March,Wednesday,10,False,2021-03,7.514099999999999,11.0,Luxury (>$14),XL,Spring,Top
QNA-31113-984,2019-04-07,60512-78550-WS,L-M-0.2,4,Osmund Clausen-Thue,oclausenthue41@marriott.com,United States,0.2,4.365,17.46,Libriac,Medium,No,El Paso,88553,United States,oclausenthue41@marriott.com,No,0,+1 (915) 558-6109,0,Lib,0.2,4.365,0.56745,2019,2,4,April,Sunday,14,True,2019-04,2.2698,13.0,Budget (<$7),Small,Spring,Medium
ZWI-52029-159,2020-07-12,40172-12000-AU,L-M-1,3,Leonore Francisco,lfrancisco42@fema.gov,United States,1.0,14.55,43.650000000000006,Libriac,Medium,No,Carson City,89714,United States,lfrancisco42@fema.gov,No,0,+1 (775) 346-9758,0,Lib,1.0,14.55,1.8915000000000002,2020,3,7,July,Sunday,28,True,2020-07,5.6745,13.0,Luxury (>$14),Large,Summer,High
ZWI-52029-159,2020-07-12,40172-12000-AU,E-M-1,2,Leonore Francisco,lfrancisco42@fema.gov,United States,1.0,13.75,27.5,Excelsa,Medium,No,Carson City,89714,United States,lfrancisco42@fema.gov,No,0,+1 (775) 346-9758,0,Exc,1.0,13.75,1.5125,2020,3,7,July,Sunday,28,True,2020-07,3.025,11.0,Premium ($10-14),Large,Summer,Medium
DFS-49954-707,2021-12-21,39019-13649-CL,E-D-0.2,5,Giacobo Skingle,gskingle44@clickbank.net,United States,0.2,3.645,18.225,Excelsa,Dark,Yes,Provo,84605,United States,gskingle44@clickbank.net,Yes,0,+1 (801) 886-5886,0,Exc,0.2,3.645,0.40095000000000003,2021,4,12,December,Tuesday,51,False,2021-12,2.00475,11.0,Budget (<$7),Small,Winter,Medium
AMT-40418-362,2020-08-08,04513-76520-QO,L-D-1,1,Jacinthe Balsillie,jbalsillie46@princeton.edu,United States,1.0,12.95,12.95,Libriac,Dark,Yes,Roanoke,24040,United States,jbalsillie46@princeton.edu,Yes,0,+1 (540) 905-2213,0,Lib,1.0,12.95,1.6835,2020,3,8,August,Saturday,32,True,2020-08,1.6835,13.0,Premium ($10-14),Large,Summer,Low
JQK-64922-985,2021-11-10,23779-10274-KN,R-M-2.5,3,Bettina Leffek,bleffek48@ning.com,United States,2.5,22.884999999999998,68.655,Robusta,Medium,Yes,Honolulu,96805,United States,bleffek48@ning.com,Yes,0,+1 (808) 815-3474,0,Rob,2.5,22.884999999999998,1.3730999999999998,2021,4,11,November,Wednesday,45,False,2021-11,4.119299999999999,6.0,Luxury (>$14),XL,Autumn,Top
NKW-24945-846,2021-10-04,75977-30364-AY,A-D-2.5,5,Jocko Pray,jpray4a@youtube.com,United States,2.5,22.884999999999998,114.42499999999998,Arabica,Dark,No,Philadelphia,19172,United States,jpray4a@youtube.com,No,0,+1 (215) 771-6504,0,Ara,2.5,22.884999999999998,2.0596499999999995,2021,4,10,October,Monday,40,False,2021-10,10.298249999999998,9.0,Luxury (>$14),XL,Autumn,Top
VKA-82720-513,2019-06-24,12299-30914-NG,A-M-2.5,6,Grete Holborn,gholborn4b@ow.ly,United States,2.5,25.874999999999996,155.24999999999997,Arabica,Medium,Yes,Norwalk,6854,United States,gholborn4b@ow.ly,Yes,0,+1 (203) 577-5788,0,Ara,2.5,25.874999999999996,2.3287499999999994,2019,2,6,June,Monday,26,False,2019-06,13.972499999999997,9.0,Luxury (>$14),XL,Summer,Top
THA-60599-417,2019-10-26,59971-35626-YJ,A-M-2.5,3,Fielding Keinrat,fkeinrat4c@dailymail.co.uk,United States,2.5,25.874999999999996,77.62499999999999,Arabica,Medium,Yes,Arlington,76011,United States,fkeinrat4c@dailymail.co.uk,Yes,0,+1 (817) 785-7050,0,Ara,2.5,25.874999999999996,2.3287499999999994,2019,4,10,October,Saturday,43,True,2019-10,6.986249999999998,9.0,Luxury (>$14),XL,Autumn,Top
MEK-39769-035,2021-06-27,15380-76513-PS,R-D-2.5,3,Paulo Yea,pyea4d@aol.com,Ireland,2.5,20.584999999999997,61.754999999999995,Robusta,Dark,No,Ashford,H12,Ireland,pyea4d@aol.com,No,0,+353 (885) 555-9183,0,Rob,2.5,20.584999999999997,1.2350999999999999,2021,2,6,June,Sunday,25,True,2021-06,3.7052999999999994,6.0,Luxury (>$14),XL,Summer,Top
UDG-65353-824,2020-01-07,17514-94165-RJ,E-M-0.5,4,Kari Swede,kswede4g@addthis.com,United States,0.5,8.25,33.0,Excelsa,Medium,No,Oklahoma City,73135,United States,kswede4g@addthis.com,No,0,+1 (405) 535-0273,0,Exc,0.5,8.25,0.9075,2020,1,1,January,Tuesday,2,False,2020-01,3.63,11.0,Standard ($7-10),Medium,Winter,High
ENQ-42923-176,2021-01-11,56248-75861-JX,A-L-0.5,3,Leontine Rubrow,lrubrow4h@microsoft.com,United States,0.5,7.77,23.31,Arabica,Large,No,Washington,20520,United States,lrubrow4h@microsoft.com,No,0,+1 (202) 503-9022,0,Ara,0.5,7.77,0.6992999999999999,2021,1,1,January,Monday,2,False,2021-01,2.0978999999999997,9.0,Standard ($7-10),Medium,Winter,Medium
CBT-55781-720,2021-11-15,97855-54761-IS,E-D-0.5,3,Dottie Tift,dtift4i@netvibes.com,United States,0.5,7.29,21.87,Excelsa,Dark,Yes,Greensboro,27415,United States,dtift4i@netvibes.com,Yes,0,+1 (336) 766-8518,0,Exc,0.5,7.29,0.8019000000000001,2021,4,11,November,Monday,46,False,2021-11,2.4057000000000004,11.0,Standard ($7-10),Medium,Autumn,Medium
NEU-86533-016,2019-06-03,96544-91644-IT,R-D-0.2,6,Gerardo Schonfeld,gschonfeld4j@oracle.com,United States,0.2,2.6849999999999996,16.11,Robusta,Dark,No,Alexandria,22313,United States,gschonfeld4j@oracle.com,No,0,+1 (571) 238-0580,0,Rob,0.2,2.6849999999999996,0.16109999999999997,2019,2,6,June,Monday,23,False,2019-06,0.9665999999999998,6.0,Budget (<$7),Small,Summer,Medium
BYU-58154-603,2020-12-17,51971-70393-QM,E-D-0.5,4,Claiborne Feye,cfeye4k@google.co.jp,Ireland,0.5,7.29,29.16,Excelsa,Dark,No,Castlebridge,R14,Ireland,cfeye4k@google.co.jp,No,0,+353 (471) 184-7815,0,Exc,0.5,7.29,0.8019000000000001,2020,4,12,December,Thursday,51,False,2020-12,3.2076000000000002,11.0,Standard ($7-10),Medium,Winter,Medium
HCA-87224-420,2022-08-04,62682-27930-PD,E-M-0.5,5,Tamarah Fero,tfero4n@comsenz.com,United States,0.5,8.25,41.25,Excelsa,Medium,Yes,Racine,53405,United States,tfero4n@comsenz.com,Yes,0,+1 (262) 954-6859,0,Exc,0.5,8.25,0.9075,2022,3,8,August,Thursday,31,False,2022-08,4.5375,11.0,Standard ($7-10),Medium,Summer,High
TKN-58485-031,2022-03-23,38890-22576-UI,R-D-1,2,Felita Dauney,fdauney4p@sphinn.com,Ireland,1.0,8.95,17.9,Robusta,Dark,No,Castlebellingham,Y34,Ireland,fdauney4p@sphinn.com,No,0,+353 (669) 355-6726,0,Rob,1.0,8.95,0.5369999999999999,2022,1,3,March,Wednesday,12,False,2022-03,1.0739999999999998,6.0,Standard ($7-10),Large,Spring,Medium
RCK-04069-371,2021-10-07,94573-61802-PH,E-L-2.5,2,Serena Earley,searley4q@youku.com,United Kingdom,2.5,34.154999999999994,68.30999999999999,Excelsa,Large,No,Craigavon,BT66,United Kingdom,searley4q@youku.com,No,0,UNKNOWN,1,Exc,2.5,34.154999999999994,3.7570499999999996,2021,4,10,October,Thursday,40,False,2021-10,7.514099999999999,11.0,Luxury (>$14),XL,Autumn,Top
IRJ-67095-738,2019-03-20,86447-02699-UT,E-M-2.5,2,Minny Chamberlayne,mchamberlayne4r@bigcartel.com,United States,2.5,31.624999999999996,63.24999999999999,Excelsa,Medium,Yes,Tampa,33686,United States,mchamberlayne4r@bigcartel.com,Yes,0,+1 (813) 801-0026,0,Exc,2.5,31.624999999999996,3.47875,2019,1,3,March,Wednesday,12,False,2019-03,6.9575,11.0,Luxury (>$14),XL,Spring,Top
VEA-31961-977,2021-12-15,51432-27169-KN,E-D-0.5,3,Bartholemy Flaherty,bflaherty4s@moonfruit.com,Ireland,0.5,7.29,21.87,Excelsa,Dark,No,Eadestown,A86,Ireland,bflaherty4s@moonfruit.com,No,0,UNKNOWN,1,Exc,0.5,7.29,0.8019000000000001,2021,4,12,December,Wednesday,50,False,2021-12,2.4057000000000004,11.0,Standard ($7-10),Medium,Winter,Medium
BAF-42286-205,2022-06-08,43074-00987-PB,R-M-2.5,4,Oran Colbeck,ocolbeck4t@sina.com.cn,United States,2.5,22.884999999999998,91.53999999999999,Robusta,Medium,No,Montgomery,36195,United States,ocolbeck4t@sina.com.cn,No,0,+1 (334) 441-4420,0,Rob,2.5,22.884999999999998,1.3730999999999998,2022,2,6,June,Wednesday,23,False,2022-06,5.492399999999999,6.0,Luxury (>$14),XL,Summer,Top
ZWK-03995-815,2021-04-10,28279-78469-YW,E-M-2.5,2,Ethelda Hobbing,ehobbing4v@nsw.gov.au,United States,2.5,31.624999999999996,63.24999999999999,Excelsa,Medium,Yes,Macon,31205,United States,ehobbing4v@nsw.gov.au,Yes,0,+1 (478) 206-7670,0,Exc,2.5,31.624999999999996,3.47875,2021,2,4,April,Saturday,14,True,2021-04,6.9575,11.0,Luxury (>$14),XL,Spring,Top
CKF-43291-846,2020-03-10,91829-99544-DS,E-L-2.5,1,Odille Thynne,othynne4w@auda.org.au,United States,2.5,34.154999999999994,34.154999999999994,Excelsa,Large,Yes,Whittier,90605,United States,othynne4w@auda.org.au,Yes,0,+1 (562) 132-7323,0,Exc,2.5,34.154999999999994,3.7570499999999996,2020,1,3,March,Tuesday,11,False,2020-03,3.7570499999999996,11.0,Luxury (>$14),XL,Spring,High
RMW-74160-339,2020-10-16,38978-59582-JP,R-L-2.5,4,Emlynne Heining,eheining4x@flickr.com,United States,2.5,27.484999999999996,109.93999999999998,Robusta,Large,Yes,Johnson City,37605,United States,eheining4x@flickr.com,Yes,0,UNKNOWN,1,Rob,2.5,27.484999999999996,1.6490999999999998,2020,4,10,October,Friday,42,False,2020-10,6.596399999999999,6.0,Luxury (>$14),XL,Autumn,Top
FMT-94584-786,2019-10-08,86504-96610-BH,A-L-1,2,Katerina Melloi,kmelloi4y@imdb.com,United States,1.0,12.95,25.9,Arabica,Large,No,Rochester,14614,United States,kmelloi4y@imdb.com,No,0,+1 (315) 525-0805,0,Ara,1.0,12.95,1.1655,2019,4,10,October,Tuesday,41,False,2019-10,2.331,9.0,Premium ($10-14),Large,Autumn,Medium
EOI-02511-919,2020-03-20,66776-88682-RG,E-L-0.2,5,Abrahan Mussen,amussen50@51.la,United States,0.2,4.455,22.275,Excelsa,Large,No,Brooklyn,11254,United States,amussen50@51.la,No,0,+1 (212) 630-8669,0,Exc,0.2,4.455,0.49005,2020,1,3,March,Friday,12,False,2020-03,2.45025,11.0,Budget (<$7),Small,Spring,Medium
EOI-02511-919,2020-03-20,66776-88682-RG,A-D-0.5,5,Abrahan Mussen,amussen50@51.la,United States,0.5,5.97,29.849999999999998,Arabica,Dark,No,Brooklyn,11254,United States,amussen50@51.la,No,0,+1 (212) 630-8669,0,Ara,0.5,5.97,0.5373,2020,1,3,March,Friday,12,False,2020-03,2.6865,9.0,Budget (<$7),Medium,Spring,High
UCT-03935-589,2021-03-29,85851-78384-DM,R-D-0.5,6,Anny Mundford,amundford52@nbcnews.com,United States,0.5,5.369999999999999,32.22,Robusta,Dark,No,Charlottesville,22908,United States,amundford52@nbcnews.com,No,0,+1 (434) 738-7279,0,Rob,0.5,5.369999999999999,0.32219999999999993,2021,1,3,March,Monday,13,False,2021-03,1.9331999999999996,6.0,Budget (<$7),Medium,Spring,High
SBI-60013-494,2021-11-12,55232-81621-BX,E-M-0.2,2,Tory Walas,twalas53@google.ca,United States,0.2,4.125,8.25,Excelsa,Medium,No,Garland,75044,United States,twalas53@google.ca,No,0,+1 (214) 205-7809,0,Exc,0.2,4.125,0.45375,2021,4,11,November,Friday,45,False,2021-11,0.9075,11.0,Budget (<$7),Small,Autumn,Low
QRA-73277-814,2021-07-20,80310-92912-JA,A-L-0.5,4,Isa Blazewicz,iblazewicz54@thetimes.co.uk,United States,0.5,7.77,31.08,Arabica,Large,No,Minneapolis,55448,United States,iblazewicz54@thetimes.co.uk,No,0,+1 (612) 683-3450,0,Ara,0.5,7.77,0.6992999999999999,2021,3,7,July,Tuesday,29,False,2021-07,2.7971999999999997,9.0,Standard ($7-10),Medium,Summer,High
EQE-31648-909,2019-01-18,19821-05175-WZ,E-D-0.5,5,Angie Rizzetti,arizzetti55@naver.com,United States,0.5,7.29,36.45,Excelsa,Dark,Yes,Lansing,48919,United States,arizzetti55@naver.com,Yes,0,+1 (517) 237-7606,0,Exc,0.5,7.29,0.8019000000000001,2019,1,1,January,Friday,3,False,2019-01,4.0095,11.0,Standard ($7-10),Medium,Winter,High
QOO-24615-950,2019-08-07,01338-83217-GV,R-M-2.5,3,Mord Meriet,mmeriet56@noaa.gov,United States,2.5,22.884999999999998,68.655,Robusta,Medium,No,Grand Forks,58207,United States,mmeriet56@noaa.gov,No,0,+1 (701) 560-2604,0,Rob,2.5,22.884999999999998,1.3730999999999998,2019,3,8,August,Wednesday,32,False,2019-08,4.119299999999999,6.0,Luxury (>$14),XL,Summer,Top
WDV-73864-037,2022-03-13,66044-25298-TA,L-M-0.5,5,Lawrence Pratt,lpratt57@netvibes.com,United States,0.5,8.73,43.650000000000006,Libriac,Medium,Yes,Anchorage,99522,United States,lpratt57@netvibes.com,Yes,0,UNKNOWN,1,Lib,0.5,8.73,1.1349,2022,1,3,March,Sunday,10,True,2022-03,5.6745,13.0,Standard ($7-10),Medium,Spring,High
PKR-88575-066,2022-05-17,28728-47861-TZ,E-L-0.2,1,Astrix Kitchingham,akitchingham58@com.com,United States,0.2,4.455,4.455,Excelsa,Large,Yes,Oklahoma City,73129,United States,akitchingham58@com.com,Yes,0,+1 (405) 645-2204,0,Exc,0.2,4.455,0.49005,2022,2,5,May,Tuesday,20,False,2022-05,0.49005,11.0,Budget (<$7),Small,Spring,Low
BWR-85735-955,2019-12-14,32638-38620-AX,L-M-1,3,Burnard Bartholin,bbartholin59@xinhuanet.com,United States,1.0,14.55,43.650000000000006,Libriac,Medium,Yes,Tulsa,74103,United States,bbartholin59@xinhuanet.com,Yes,0,+1 (918) 720-2715,0,Lib,1.0,14.55,1.8915000000000002,2019,4,12,December,Saturday,50,True,2019-12,5.6745,13.0,Luxury (>$14),Large,Winter,High
YFX-64795-136,2020-01-15,83163-65741-IH,L-M-2.5,1,Madelene Prinn,mprinn5a@usa.gov,United States,2.5,33.464999999999996,33.464999999999996,Libriac,Medium,Yes,Detroit,48211,United States,mprinn5a@usa.gov,Yes,0,+1 (734) 909-6836,0,Lib,2.5,33.464999999999996,4.3504499999999995,2020,1,1,January,Wednesday,3,False,2020-01,4.3504499999999995,13.0,Luxury (>$14),XL,Winter,High
DDO-71442-967,2019-04-12,89422-58281-FD,L-D-0.2,5,Alisun Baudino,abaudino5b@netvibes.com,United States,0.2,3.885,19.424999999999997,Libriac,Dark,Yes,Washington,20436,United States,abaudino5b@netvibes.com,Yes,0,+1 (202) 328-7869,0,Lib,0.2,3.885,0.50505,2019,2,4,April,Friday,15,False,2019-04,2.5252499999999998,13.0,Budget (<$7),Small,Spring,Medium
ILQ-11027-588,2020-03-29,76293-30918-DQ,E-D-1,6,Philipa Petrushanko,ppetrushanko5c@blinklist.com,Ireland,1.0,12.15,72.9,Excelsa,Dark,Yes,Nenagh,E45,Ireland,ppetrushanko5c@blinklist.com,Yes,0,+353 (540) 480-2145,0,Exc,1.0,12.15,1.3365,2020,1,3,March,Sunday,13,True,2020-03,8.019,11.0,Premium ($10-14),Large,Spring,Top
VRM-93594-914,2021-07-21,66806-41795-MX,E-D-0.5,5,Emlynne Laird,elaird5e@bing.com,United States,0.5,7.29,36.45,Excelsa,Dark,No,Warren,44485,United States,elaird5e@bing.com,No,0,+1 (330) 112-0053,0,Exc,0.5,7.29,0.8019000000000001,2021,3,7,July,Wednesday,29,False,2021-07,4.0095,11.0,Standard ($7-10),Medium,Summer,High
HXL-22497-359,2019-08-06,64875-71224-UI,A-L-1,3,Marlena Howsden,mhowsden5f@infoseek.co.jp,United States,1.0,12.95,38.849999999999994,Arabica,Large,No,Memphis,38150,United States,mhowsden5f@infoseek.co.jp,No,0,+1 (901) 806-9640,0,Ara,1.0,12.95,1.1655,2019,3,8,August,Tuesday,32,False,2019-08,3.4965,9.0,Premium ($10-14),Large,Summer,High
NOP-21394-646,2021-05-23,16982-35708-BZ,E-L-0.5,6,Nealson Cuttler,ncuttler5g@parallels.com,United States,0.5,8.91,53.46,Excelsa,Large,No,Washington,20535,United States,ncuttler5g@parallels.com,No,0,UNKNOWN,1,Exc,0.5,8.91,0.9801,2021,2,5,May,Sunday,20,True,2021-05,5.880599999999999,11.0,Standard ($7-10),Medium,Spring,High
NOP-21394-646,2021-05-23,16982-35708-BZ,L-D-2.5,2,Nealson Cuttler,ncuttler5g@parallels.com,United States,2.5,29.784999999999997,59.56999999999999,Libriac,Dark,No,Washington,20535,United States,ncuttler5g@parallels.com,No,0,UNKNOWN,1,Lib,2.5,29.784999999999997,3.8720499999999998,2021,2,5,May,Sunday,20,True,2021-05,7.7440999999999995,13.0,Luxury (>$14),XL,Spring,Top
NOP-21394-646,2021-05-23,16982-35708-BZ,L-D-2.5,3,Nealson Cuttler,ncuttler5g@parallels.com,United States,2.5,29.784999999999997,89.35499999999999,Libriac,Dark,No,Washington,20535,United States,ncuttler5g@parallels.com,No,0,UNKNOWN,1,Lib,2.5,29.784999999999997,3.8720499999999998,2021,2,5,May,Sunday,20,True,2021-05,11.61615,13.0,Luxury (>$14),XL,Spring,Top
NOP-21394-646,2021-05-23,16982-35708-BZ,L-L-0.5,4,Nealson Cuttler,ncuttler5g@parallels.com,United States,0.5,9.51,38.04,Libriac,Large,No,Washington,20535,United States,ncuttler5g@parallels.com,No,0,UNKNOWN,1,Lib,0.5,9.51,1.2363,2021,2,5,May,Sunday,20,True,2021-05,4.9452,13.0,Standard ($7-10),Medium,Spring,High
NOP-21394-646,2021-05-23,16982-35708-BZ,E-M-1,3,Nealson Cuttler,ncuttler5g@parallels.com,United States,1.0,13.75,41.25,Excelsa,Medium,No,Washington,20535,United States,ncuttler5g@parallels.com,No,0,UNKNOWN,1,Exc,1.0,13.75,1.5125,2021,2,5,May,Sunday,20,True,2021-05,4.5375,11.0,Premium ($10-14),Large,Spring,High
BOR-02906-411,2021-10-17,08743-09057-OO,L-D-2.5,6,Tallie felip,tfelip5m@typepad.com,United States,2.5,29.784999999999997,178.70999999999998,Libriac,Dark,Yes,Albany,12205,United States,tfelip5m@typepad.com,Yes,0,+1 (518) 651-0940,0,Lib,2.5,29.784999999999997,3.8720499999999998,2021,4,10,October,Sunday,41,True,2021-10,23.2323,13.0,Luxury (>$14),XL,Autumn,Top
WMP-68847-770,2022-02-16,37490-01572-JW,L-L-0.2,1,Vanna Le - Count,vle5n@disqus.com,United States,0.2,4.755,4.755,Libriac,Large,No,Spartanburg,29305,United States,vle5n@disqus.com,No,0,+1 (864) 694-6658,0,Lib,0.2,4.755,0.61815,2022,1,2,February,Wednesday,7,False,2022-02,0.61815,13.0,Budget (<$7),Small,Winter,Low
OOU-61343-455,2021-01-15,90123-70970-NY,A-M-1,2,Nertie Poolman,npoolman5q@howstuffworks.com,United States,1.0,11.25,22.5,Arabica,Medium,No,Charlotte,28225,United States,npoolman5q@howstuffworks.com,No,0,UNKNOWN,1,Ara,1.0,11.25,1.0125,2021,1,1,January,Friday,2,False,2021-01,2.025,9.0,Premium ($10-14),Large,Winter,Medium
RMA-08327-369,2021-01-11,93809-05424-MG,A-M-0.5,6,Orbadiah Duny,oduny5r@constantcontact.com,United States,0.5,6.75,40.5,Arabica,Medium,Yes,Lubbock,79491,United States,oduny5r@constantcontact.com,Yes,0,+1 (806) 181-9003,0,Ara,0.5,6.75,0.6074999999999999,2021,1,1,January,Monday,2,False,2021-01,3.6449999999999996,9.0,Budget (<$7),Medium,Winter,High
SFB-97929-779,2022-04-08,85425-33494-HQ,E-D-0.5,4,Constance Halfhide,chalfhide5s@google.ru,Ireland,0.5,7.29,29.16,Excelsa,Dark,Yes,Fermoy,P61,Ireland,chalfhide5s@google.ru,Yes,0,+353 (885) 827-8865,0,Exc,0.5,7.29,0.8019000000000001,2022,2,4,April,Friday,14,False,2022-04,3.2076000000000002,11.0,Standard ($7-10),Medium,Spring,Medium
AUP-10128-606,2020-10-01,54387-64897-XC,A-M-0.5,1,Fransisco Malecky,fmalecky5t@list-manage.com,United Kingdom,0.5,6.75,6.75,Arabica,Medium,No,Whitwell,DL10,United Kingdom,fmalecky5t@list-manage.com,No,0,+44 (738) 660-4264,0,Ara,0.5,6.75,0.6074999999999999,2020,4,10,October,Thursday,40,False,2020-10,0.6074999999999999,9.0,Budget (<$7),Medium,Autumn,Low
YTW-40242-005,2019-10-28,01035-70465-UO,L-D-1,4,Anselma Attwater,aattwater5u@wikia.com,United States,1.0,12.95,51.8,Libriac,Dark,Yes,Charlottesville,22908,United States,aattwater5u@wikia.com,Yes,0,+1 (434) 821-8618,0,Lib,1.0,12.95,1.6835,2019,4,10,October,Monday,44,False,2019-10,6.734,13.0,Premium ($10-14),Large,Autumn,High
PRP-53390-819,2021-03-28,84260-39432-ML,E-L-0.5,6,Minette Whellans,mwhellans5v@mapquest.com,United States,0.5,8.91,53.46,Excelsa,Large,No,New York City,10105,United States,mwhellans5v@mapquest.com,No,0,UNKNOWN,1,Exc,0.5,8.91,0.9801,2021,1,3,March,Sunday,12,True,2021-03,5.880599999999999,11.0,Standard ($7-10),Medium,Spring,High
GSJ-01065-125,2020-03-31,69779-40609-RS,E-D-0.2,4,Dael Camilletti,dcamilletti5w@businesswire.com,United States,0.2,3.645,14.58,Excelsa,Dark,Yes,Roanoke,24009,United States,dcamilletti5w@businesswire.com,Yes,0,+1 (540) 722-6065,0,Exc,0.2,3.645,0.40095000000000003,2020,1,3,March,Tuesday,14,False,2020-03,1.6038000000000001,11.0,Budget (<$7),Small,Spring,Low
YQU-65147-580,2022-03-26,80247-70000-HT,R-D-2.5,1,Emiline Galgey,egalgey5x@wufoo.com,United States,2.5,20.584999999999997,20.584999999999997,Robusta,Dark,No,New York City,10009,United States,egalgey5x@wufoo.com,No,0,+1 (718) 311-6732,0,Rob,2.5,20.584999999999997,1.2350999999999999,2022,1,3,March,Saturday,12,True,2022-03,1.2350999999999999,6.0,Luxury (>$14),XL,Spring,Medium
QPM-95832-683,2019-11-06,35058-04550-VC,L-L-1,2,Murdock Hame,mhame5y@newsvine.com,Ireland,1.0,15.85,31.7,Libriac,Large,No,Balally,D04,Ireland,mhame5y@newsvine.com,No,0,+353 (649) 297-0884,0,Lib,1.0,15.85,2.0605,2019,4,11,November,Wednesday,45,False,2019-11,4.121,13.0,Luxury (>$14),Large,Autumn,High
BNQ-88920-567,2019-12-30,27226-53717-SY,L-D-0.2,6,Ilka Gurnee,igurnee5z@usnews.com,United States,0.2,3.885,23.31,Libriac,Dark,No,Salt Lake City,84120,United States,igurnee5z@usnews.com,No,0,+1 (801) 642-0352,0,Lib,0.2,3.885,0.50505,2019,4,12,December,Monday,1,False,2019-12,3.0303,13.0,Budget (<$7),Small,Winter,Medium
PUX-47906-110,2021-10-01,02002-98725-CH,L-M-1,4,Alfy Snowding,asnowding60@comsenz.com,United States,1.0,14.55,58.2,Libriac,Medium,Yes,Toledo,43635,United States,asnowding60@comsenz.com,Yes,0,+1 (419) 996-2492,0,Lib,1.0,14.55,1.8915000000000002,2021,4,10,October,Friday,39,False,2021-10,7.566000000000001,13.0,Luxury (>$14),Large,Autumn,High
COL-72079-610,2020-12-09,38487-01549-MV,E-L-0.5,4,Godfry Poinsett,gpoinsett61@berkeley.edu,United States,0.5,8.91,35.64,Excelsa,Large,No,Pasadena,91131,United States,gpoinsett61@berkeley.edu,No,0,+1 (626) 451-7397,0,Exc,0.5,8.91,0.9801,2020,4,12,December,Wednesday,50,False,2020-12,3.9204,11.0,Standard ($7-10),Medium,Winter,High
LBC-45686-819,2021-05-01,98573-41811-EQ,A-M-1,5,Rem Furman,rfurman62@t.co,Ireland,1.0,11.25,56.25,Arabica,Medium,Yes,Kinsale,P17,Ireland,rfurman62@t.co,Yes,0,+353 (829) 808-4788,0,Ara,1.0,11.25,1.0125,2021,2,5,May,Saturday,17,True,2021-05,5.0625,9.0,Premium ($10-14),Large,Spring,High
BLQ-03709-265,2022-08-04,72463-75685-MV,R-L-0.2,3,Charis Crosier,ccrosier63@xrea.com,United States,0.2,3.5849999999999995,10.754999999999999,Robusta,Large,No,Lees Summit,64082,United States,ccrosier63@xrea.com,No,0,+1 (816) 578-2743,0,Rob,0.2,3.5849999999999995,0.21509999999999996,2022,3,8,August,Thursday,31,False,2022-08,0.6452999999999999,6.0,Budget (<$7),Small,Summer,Low
BLQ-03709-265,2022-08-04,72463-75685-MV,R-M-0.2,5,Charis Crosier,ccrosier63@xrea.com,United States,0.2,2.985,14.924999999999999,Robusta,Medium,No,Lees Summit,64082,United States,ccrosier63@xrea.com,No,0,+1 (816) 578-2743,0,Rob,0.2,2.985,0.17909999999999998,2022,3,8,August,Thursday,31,False,2022-08,0.8955,6.0,Budget (<$7),Small,Summer,Low
VFZ-91673-181,2021-11-13,10225-91535-AI,A-L-1,6,Lenka Rushmer,lrushmer65@europa.eu,United States,1.0,12.95,77.69999999999999,Arabica,Large,Yes,Irvine,92619,United States,lrushmer65@europa.eu,Yes,0,+1 (949) 869-7598,0,Ara,1.0,12.95,1.1655,2021,4,11,November,Saturday,45,True,2021-11,6.993,9.0,Premium ($10-14),Large,Autumn,Top
WKD-81956-870,2020-09-16,48090-06534-HI,L-D-0.5,3,Waneta Edinborough,wedinborough66@github.io,United States,0.5,7.77,23.31,Libriac,Dark,No,Hicksville,11854,United States,wedinborough66@github.io,No,0,+1 (516) 445-4950,0,Lib,0.5,7.77,1.0101,2020,3,9,September,Wednesday,38,False,2020-09,3.0303,13.0,Standard ($7-10),Medium,Autumn,Medium
IZA-61469-812,2020-01-06,13561-92774-WP,L-D-2.5,4,Ketty Bromehead,kbromehead68@un.org,United States,2.5,29.784999999999997,119.13999999999999,Libriac,Dark,Yes,New York City,10060,United States,kbromehead68@un.org,Yes,0,+1 (646) 586-9964,0,Lib,2.5,29.784999999999997,3.8720499999999998,2020,1,1,January,Monday,2,False,2020-01,15.488199999999999,13.0,Luxury (>$14),XL,Winter,Top
PSS-22466-862,2021-05-21,11550-78378-GE,R-L-0.2,4,Elsbeth Westerman,ewesterman69@si.edu,Ireland,0.2,3.5849999999999995,14.339999999999998,Robusta,Large,No,Newmarket on Fergus,P17,Ireland,ewesterman69@si.edu,No,0,+353 (343) 455-4020,0,Rob,0.2,3.5849999999999995,0.21509999999999996,2021,2,5,May,Friday,20,False,2021-05,0.8603999999999998,6.0,Budget (<$7),Small,Spring,Low
REH-56504-397,2020-02-26,90961-35603-RP,A-M-2.5,5,Anabelle Hutchens,ahutchens6a@amazonaws.com,United States,2.5,25.874999999999996,129.37499999999997,Arabica,Medium,No,Shawnee Mission,66276,United States,ahutchens6a@amazonaws.com,No,0,+1 (913) 108-5997,0,Ara,2.5,25.874999999999996,2.3287499999999994,2020,1,2,February,Wednesday,9,False,2020-02,11.643749999999997,9.0,Luxury (>$14),XL,Winter,Top
ALA-62598-016,2020-02-19,57145-03803-ZL,R-D-0.2,6,Noak Wyvill,nwyvill6b@naver.com,United Kingdom,0.2,2.6849999999999996,16.11,Robusta,Dark,Yes,Edinburgh,EH9,United Kingdom,nwyvill6b@naver.com,Yes,0,+44 (872) 383-2829,0,Rob,0.2,2.6849999999999996,0.16109999999999997,2020,1,2,February,Wednesday,8,False,2020-02,0.9665999999999998,6.0,Budget (<$7),Small,Winter,Medium
EYE-70374-835,2021-06-29,89115-11966-VF,R-L-0.2,5,Beltran Mathon,bmathon6c@barnesandnoble.com,United States,0.2,3.5849999999999995,17.924999999999997,Robusta,Large,No,Sacramento,94291,United States,bmathon6c@barnesandnoble.com,No,0,+1 (916) 915-5069,0,Rob,0.2,3.5849999999999995,0.21509999999999996,2021,2,6,June,Tuesday,26,False,2021-06,1.0755,6.0,Budget (<$7),Small,Summer,Medium
CCZ-19589-212,2021-03-27,05754-41702-FG,L-M-0.2,2,Kristos Streight,kstreight6d@about.com,United States,0.2,4.365,8.73,Libriac,Medium,No,Wilkes Barre,18706,United States,kstreight6d@about.com,No,0,+1 (570) 873-3891,0,Lib,0.2,4.365,0.56745,2021,1,3,March,Saturday,12,True,2021-03,1.1349,13.0,Budget (<$7),Small,Spring,Low
BPT-83989-157,2021-10-27,84269-49816-ML,A-M-2.5,2,Portie Cutchie,pcutchie6e@globo.com,United States,2.5,25.874999999999996,51.74999999999999,Arabica,Medium,No,Greensboro,27499,United States,pcutchie6e@globo.com,No,0,+1 (336) 679-7755,0,Ara,2.5,25.874999999999996,2.3287499999999994,2021,4,10,October,Wednesday,43,False,2021-10,4.657499999999999,9.0,Luxury (>$14),XL,Autumn,High
JLN-14700-924,2020-06-28,79058-02767-CP,L-L-0.2,5,Conny Gheraldi,cgheraldi6g@opera.com,United Kingdom,0.2,4.755,23.775,Libriac,Large,No,Kinloch,PH43,United Kingdom,cgheraldi6g@opera.com,No,0,+44 (494) 875-2364,0,Lib,0.2,4.755,0.61815,2020,2,6,June,Sunday,26,True,2020-06,3.09075,13.0,Budget (<$7),Small,Summer,Medium
JVW-22582-137,2021-03-23,89208-74646-UK,E-M-0.2,5,Beryle Kenwell,bkenwell6h@over-blog.com,United States,0.2,4.125,20.625,Excelsa,Medium,No,Honolulu,96825,United States,bkenwell6h@over-blog.com,No,0,+1 (808) 836-6023,0,Exc,0.2,4.125,0.45375,2021,1,3,March,Tuesday,12,False,2021-03,2.26875,11.0,Budget (<$7),Small,Spring,Medium
LAA-41879-001,2022-02-10,11408-81032-UR,L-L-2.5,1,Tomas Sutty,tsutty6i@google.es,United States,2.5,36.455,36.455,Libriac,Large,No,New York City,10150,United States,tsutty6i@google.es,No,0,+1 (212) 586-1957,0,Lib,2.5,36.455,4.7391499999999995,2022,1,2,February,Thursday,6,False,2022-02,4.7391499999999995,13.0,Luxury (>$14),XL,Winter,High
RGJ-12544-083,2020-02-12,48873-84433-PN,L-D-2.5,3,Carlie Harce,charce6k@cafepress.com,Ireland,2.5,29.784999999999997,89.35499999999999,Libriac,Dark,No,D煤n Laoghaire,A96,Ireland,charce6k@cafepress.com,No,0,+353 (444) 423-0673,0,Lib,2.5,29.784999999999997,3.8720499999999998,2020,1,2,February,Wednesday,7,False,2020-02,11.61615,13.0,Luxury (>$14),XL,Winter,Top
BIU-21970-705,2020-12-07,89711-56688-GG,R-M-2.5,2,Friederike Drysdale,fdrysdale6m@symantec.com,United States,2.5,22.884999999999998,45.769999999999996,Robusta,Medium,Yes,Midland,48670,United States,fdrysdale6m@symantec.com,Yes,0,+1 (989) 215-5282,0,Rob,2.5,22.884999999999998,1.3730999999999998,2020,4,12,December,Monday,50,False,2020-12,2.7461999999999995,6.0,Luxury (>$14),XL,Winter,High
ELJ-87741-745,2020-02-20,48389-71976-JB,E-L-1,4,Devon Magowan,dmagowan6n@fc2.com,United States,1.0,14.85,59.4,Excelsa,Large,No,Cheyenne,82007,United States,dmagowan6n@fc2.com,No,0,+1 (307) 159-5237,0,Exc,1.0,14.85,1.6335,2020,1,2,February,Thursday,8,False,2020-02,6.534,11.0,Luxury (>$14),Large,Winter,High
ISK-42066-094,2020-03-28,41505-42181-EF,E-D-1,3,Sibella Rushbrooke,srushbrooke6q@youku.com,United States,1.0,12.15,36.45,Excelsa,Dark,Yes,Sacramento,94250,United States,srushbrooke6q@youku.com,Yes,0,+1 (916) 214-5665,0,Exc,1.0,12.15,1.3365,2020,1,3,March,Saturday,13,True,2020-03,4.0095,11.0,Premium ($10-14),Large,Spring,High
FTC-35822-530,2020-10-10,14307-87663-KB,E-D-0.5,4,Tammie Drynan,tdrynan6r@deviantart.com,United States,0.5,7.29,29.16,Excelsa,Dark,Yes,Tampa,33661,United States,tdrynan6r@deviantart.com,Yes,0,+1 (813) 619-0579,0,Exc,0.5,7.29,0.8019000000000001,2020,4,10,October,Saturday,41,True,2020-10,3.2076000000000002,11.0,Standard ($7-10),Medium,Autumn,High
VSS-56247-688,2022-05-21,08360-19442-GB,L-M-2.5,4,Effie Yurkov,eyurkov6s@hud.gov,United States,2.5,33.464999999999996,133.85999999999999,Libriac,Medium,No,Honolulu,96805,United States,eyurkov6s@hud.gov,No,0,+1 (808) 320-5976,0,Lib,2.5,33.464999999999996,4.3504499999999995,2022,2,5,May,Saturday,20,True,2022-05,17.401799999999998,13.0,Luxury (>$14),XL,Spring,Top
HVW-25584-144,2020-04-30,93405-51204-UW,L-L-0.2,5,Lexie Mallan,lmallan6t@state.gov,United States,0.2,4.755,23.775,Libriac,Large,Yes,Baton Rouge,70820,United States,lmallan6t@state.gov,Yes,0,+1 (225) 484-4771,0,Lib,0.2,4.755,0.61815,2020,2,4,April,Thursday,18,False,2020-04,3.09075,13.0,Budget (<$7),Small,Spring,Medium
MUY-15309-209,2021-12-12,97152-03355-IW,L-D-1,3,Georgena Bentjens,gbentjens6u@netlog.com,United Kingdom,1.0,12.95,38.849999999999994,Libriac,Dark,No,Newbiggin,NE46,United Kingdom,gbentjens6u@netlog.com,No,0,+44 (610) 153-1208,0,Lib,1.0,12.95,1.6835,2021,4,12,December,Sunday,49,True,2021-12,5.0504999999999995,13.0,Premium ($10-14),Large,Winter,High
YJU-84377-606,2020-07-07,20259-47723-AC,A-D-1,1,Lyn Entwistle,lentwistle6w@omniture.com,United States,1.0,9.95,9.95,Arabica,Dark,Yes,Minneapolis,55458,United States,lentwistle6w@omniture.com,Yes,0,+1 (612) 972-1256,0,Ara,1.0,9.95,0.8954999999999999,2020,3,7,July,Tuesday,28,False,2020-07,0.8954999999999999,9.0,Standard ($7-10),Large,Summer,Low
VNC-93921-469,2020-01-31,04666-71569-RI,L-L-1,1,Zacharias Kiffe,zkiffe74@cyberchimps.com,United States,1.0,15.85,15.85,Libriac,Large,Yes,Milwaukee,53205,United States,zkiffe74@cyberchimps.com,Yes,0,+1 (414) 703-7269,0,Lib,1.0,15.85,2.0605,2020,1,1,January,Friday,5,False,2020-01,2.0605,13.0,Luxury (>$14),Large,Winter,Medium
OGB-91614-810,2020-02-18,08909-77713-CG,R-M-0.2,1,Mercedes Acott,macott6y@pagesperso-orange.fr,United States,0.2,2.985,2.985,Robusta,Medium,Yes,Charlotte,28225,United States,macott6y@pagesperso-orange.fr,Yes,0,+1 (704) 892-0605,0,Rob,0.2,2.985,0.17909999999999998,2020,1,2,February,Tuesday,8,False,2020-02,0.17909999999999998,6.0,Budget (<$7),Small,Winter,Low
BQI-61647-496,2021-06-13,84340-73931-VV,E-M-1,5,Connor Heaviside,cheaviside6z@rediff.com,United States,1.0,13.75,68.75,Excelsa,Medium,Yes,Phoenix,85099,United States,cheaviside6z@rediff.com,Yes,0,+1 (602) 260-2399,0,Exc,1.0,13.75,1.5125,2021,2,6,June,Sunday,23,True,2021-06,7.5625,11.0,Premium ($10-14),Large,Summer,Top
GGD-38107-641,2021-11-23,99562-88650-YF,L-M-1,4,Leia Kernan,lkernan71@wsj.com,United States,1.0,14.55,58.2,Libriac,Medium,No,Champaign,61825,United States,lkernan71@wsj.com,No,0,+1 (217) 146-0949,0,Lib,1.0,14.55,1.8915000000000002,2021,4,11,November,Tuesday,47,False,2021-11,7.566000000000001,13.0,Luxury (>$14),Large,Autumn,High
LTO-95975-728,2021-10-13,46560-73885-PJ,R-L-0.5,4,Rosaline McLae,rmclae72@dailymotion.com,United Kingdom,0.5,7.169999999999999,28.679999999999996,Robusta,Large,No,Swindon,SN1,United Kingdom,rmclae72@dailymotion.com,No,0,UNKNOWN,1,Rob,0.5,7.169999999999999,0.4301999999999999,2021,4,10,October,Wednesday,41,False,2021-10,1.7207999999999997,6.0,Standard ($7-10),Medium,Autumn,Medium
IGM-84664-265,2021-08-31,80179-44620-WN,R-L-0.5,3,Cleve Blowfelde,cblowfelde73@ustream.tv,United States,0.5,7.169999999999999,21.509999999999998,Robusta,Large,No,Tucson,85715,United States,cblowfelde73@ustream.tv,No,0,+1 (520) 951-0585,0,Rob,0.5,7.169999999999999,0.4301999999999999,2021,3,8,August,Tuesday,35,False,2021-08,1.2905999999999997,6.0,Standard ($7-10),Medium,Summer,Medium
SKO-45740-621,2020-01-16,04666-71569-RI,L-M-0.5,2,Zacharias Kiffe,zkiffe74@cyberchimps.com,United States,0.5,8.73,17.46,Libriac,Medium,Yes,Milwaukee,53205,United States,zkiffe74@cyberchimps.com,Yes,0,+1 (414) 703-7269,0,Lib,0.5,8.73,1.1349,2020,1,1,January,Thursday,3,False,2020-01,2.2698,13.0,Standard ($7-10),Medium,Winter,Medium
FOJ-02234-063,2022-04-25,59081-87231-VP,E-D-2.5,1,Denyse O'Calleran,docalleran75@ucla.edu,United States,2.5,27.945,27.945,Excelsa,Dark,Yes,Pompano Beach,33064,United States,docalleran75@ucla.edu,Yes,0,+1 (954) 368-3867,0,Exc,2.5,27.945,3.07395,2022,2,4,April,Monday,17,False,2022-04,3.07395,11.0,Luxury (>$14),XL,Spring,Medium
MSJ-11909-468,2021-11-13,07878-45872-CC,E-D-2.5,5,Cobby Cromwell,ccromwell76@desdev.cn,United States,2.5,27.945,139.725,Excelsa,Dark,No,Whittier,90610,United States,ccromwell76@desdev.cn,No,0,+1 (562) 516-6052,0,Exc,2.5,27.945,3.07395,2021,4,11,November,Saturday,45,True,2021-11,15.36975,11.0,Luxury (>$14),XL,Autumn,Top
DKB-78053-329,2021-06-08,12444-05174-OO,R-M-0.2,2,Irv Hay,ihay77@lulu.com,United Kingdom,0.2,2.985,5.97,Robusta,Medium,No,Sheffield,S33,United Kingdom,ihay77@lulu.com,No,0,+44 (878) 199-6257,0,Rob,0.2,2.985,0.17909999999999998,2021,2,6,June,Tuesday,23,False,2021-06,0.35819999999999996,6.0,Budget (<$7),Small,Summer,Low
DFZ-45083-941,2020-11-21,34665-62561-AU,R-L-2.5,1,Tani Taffarello,ttaffarello78@sciencedaily.com,United States,2.5,27.484999999999996,27.484999999999996,Robusta,Large,Yes,Saint Louis,63180,United States,ttaffarello78@sciencedaily.com,Yes,0,UNKNOWN,1,Rob,2.5,27.484999999999996,1.6490999999999998,2020,4,11,November,Saturday,47,True,2020-11,1.6490999999999998,6.0,Luxury (>$14),XL,Autumn,Medium
OTA-40969-710,2019-03-14,77877-11993-QH,R-L-1,5,Monique Canty,mcanty79@jigsy.com,United States,1.0,11.95,59.75,Robusta,Large,Yes,Erie,16522,United States,mcanty79@jigsy.com,Yes,0,+1 (814) 215-3753,0,Rob,1.0,11.95,0.717,2019,1,3,March,Thursday,11,False,2019-03,3.585,6.0,Premium ($10-14),Large,Spring,Top
GRH-45571-667,2019-08-16,32291-18308-YZ,E-M-1,3,Javier Kopke,jkopke7a@auda.org.au,United States,1.0,13.75,41.25,Excelsa,Medium,No,Tacoma,98464,United States,jkopke7a@auda.org.au,No,0,+1 (253) 638-4435,0,Exc,1.0,13.75,1.5125,2019,3,8,August,Friday,33,False,2019-08,4.5375,11.0,Premium ($10-14),Large,Summer,High
KIX-93248-135,2020-02-11,36605-83052-WB,A-D-0.5,1,Violette Hellmore,vhellmore7d@bbc.co.uk,United States,0.5,5.97,5.97,Arabica,Dark,Yes,Little Rock,72204,United States,vhellmore7d@bbc.co.uk,Yes,0,+1 (501) 899-4038,0,Ara,0.5,5.97,0.5373,2020,1,2,February,Tuesday,7,False,2020-02,0.5373,9.0,Budget (<$7),Medium,Winter,Low
AXR-10962-010,2021-03-28,53683-35977-KI,E-D-1,2,Myles Seawright,mseawright7e@nbcnews.com,United Kingdom,1.0,12.15,24.3,Excelsa,Dark,No,Newton,NG34,United Kingdom,mseawright7e@nbcnews.com,No,0,+44 (638) 528-2467,0,Exc,1.0,12.15,1.3365,2021,1,3,March,Sunday,12,True,2021-03,2.673,11.0,Premium ($10-14),Large,Spring,Medium
IHS-71573-008,2021-05-08,07972-83134-NM,E-D-0.2,6,Silvana Northeast,snortheast7f@mashable.com,United States,0.2,3.645,21.87,Excelsa,Dark,Yes,Sparks,89436,United States,snortheast7f@mashable.com,Yes,0,+1 (775) 344-1930,0,Exc,0.2,3.645,0.40095000000000003,2021,2,5,May,Saturday,18,True,2021-05,2.4057000000000004,11.0,Budget (<$7),Small,Spring,Medium
QTR-19001-114,2019-11-21,01035-70465-UO,A-D-1,2,Anselma Attwater,aattwater5u@wikia.com,United States,1.0,9.95,19.9,Arabica,Dark,Yes,Charlottesville,22908,United States,aattwater5u@wikia.com,Yes,0,+1 (434) 821-8618,0,Ara,1.0,9.95,0.8954999999999999,2019,4,11,November,Thursday,47,False,2019-11,1.7909999999999997,9.0,Standard ($7-10),Large,Autumn,Medium
WBK-62297-910,2021-05-17,25514-23938-IQ,A-D-0.2,2,Monica Fearon,mfearon7h@reverbnation.com,United States,0.2,2.985,5.97,Arabica,Dark,No,Denton,76210,United States,mfearon7h@reverbnation.com,No,0,+1 (972) 686-6332,0,Ara,0.2,2.985,0.26865,2021,2,5,May,Monday,20,False,2021-05,0.5373,9.0,Budget (<$7),Small,Spring,Low
ESR-66651-814,2020-05-20,76624-72205-CK,A-D-0.2,4,Jasper Sisneros,jsisneros7j@a8.net,United States,0.2,2.985,11.94,Arabica,Dark,Yes,Raleigh,27635,United States,jsisneros7j@a8.net,Yes,0,+1 (919) 448-8909,0,Ara,0.2,2.985,0.26865,2020,2,5,May,Wednesday,21,False,2020-05,1.0746,9.0,Budget (<$7),Small,Spring,Low
CPX-46916-770,2021-08-27,12729-50170-JE,R-L-1,6,Zachariah Carlson,zcarlson7k@bigcartel.com,Ireland,1.0,11.95,71.69999999999999,Robusta,Large,Yes,Shankill,A98,Ireland,zcarlson7k@bigcartel.com,Yes,0,+353 (259) 651-4128,0,Rob,1.0,11.95,0.717,2021,3,8,August,Friday,34,False,2021-08,4.302,6.0,Premium ($10-14),Large,Summer,Top
MDC-03318-645,2022-04-30,43974-44760-QI,A-L-0.2,2,Warner Maddox,wmaddox7l@timesonline.co.uk,United States,0.2,3.885,7.77,Arabica,Large,No,New York City,10105,United States,wmaddox7l@timesonline.co.uk,No,0,+1 (917) 310-4684,0,Ara,0.2,3.885,0.34964999999999996,2022,2,4,April,Saturday,17,True,2022-04,0.6992999999999999,9.0,Budget (<$7),Small,Spring,Low
SFF-86059-407,2020-06-03,30585-48726-BK,A-M-2.5,1,Donnie Hedlestone,dhedlestone7m@craigslist.org,United States,2.5,25.874999999999996,25.874999999999996,Arabica,Medium,No,Stamford,6905,United States,dhedlestone7m@craigslist.org,No,0,+1 (203) 768-3169,0,Ara,2.5,25.874999999999996,2.3287499999999994,2020,2,6,June,Wednesday,23,False,2020-06,2.3287499999999994,9.0,Luxury (>$14),XL,Summer,Medium
SCL-94540-788,2022-06-13,16123-07017-TY,E-L-2.5,6,Teddi Crowthe,tcrowthe7n@europa.eu,United States,2.5,34.154999999999994,204.92999999999995,Excelsa,Large,No,Toledo,43666,United States,tcrowthe7n@europa.eu,No,0,+1 (419) 561-6809,0,Exc,2.5,34.154999999999994,3.7570499999999996,2022,2,6,June,Monday,24,False,2022-06,22.542299999999997,11.0,Luxury (>$14),XL,Summer,Top
HVU-21634-076,2020-06-10,27723-45097-MH,R-L-2.5,4,Dorelia Bury,dbury7o@tinyurl.com,Ireland,2.5,27.484999999999996,109.93999999999998,Robusta,Large,Yes,Castleblayney,A75,Ireland,dbury7o@tinyurl.com,Yes,0,+353 (262) 842-7103,0,Rob,2.5,27.484999999999996,1.6490999999999998,2020,2,6,June,Wednesday,24,False,2020-06,6.596399999999999,6.0,Luxury (>$14),XL,Summer,Top
XUS-73326-418,2020-12-18,37078-56703-AF,E-L-1,6,Gussy Broadbear,gbroadbear7p@omniture.com,United States,1.0,14.85,89.1,Excelsa,Large,No,Columbia,65211,United States,gbroadbear7p@omniture.com,No,0,+1 (573) 758-1104,0,Exc,1.0,14.85,1.6335,2020,4,12,December,Friday,51,False,2020-12,9.801,11.0,Luxury (>$14),Large,Winter,Top
XWD-18933-006,2019-08-31,79420-11075-MY,A-L-0.2,2,Emlynne Palfrey,epalfrey7q@devhub.com,United States,0.2,3.885,7.77,Arabica,Large,Yes,Fort Wayne,46852,United States,epalfrey7q@devhub.com,Yes,0,+1 (260) 500-7893,0,Ara,0.2,3.885,0.34964999999999996,2019,3,8,August,Saturday,35,True,2019-08,0.6992999999999999,9.0,Budget (<$7),Small,Summer,Low
HPD-65272-772,2019-02-25,57504-13456-UO,L-M-2.5,1,Parsifal Metrick,pmetrick7r@rakuten.co.jp,United States,2.5,33.464999999999996,33.464999999999996,Libriac,Medium,Yes,Saint Louis,63143,United States,pmetrick7r@rakuten.co.jp,Yes,0,+1 (314) 572-2164,0,Lib,2.5,33.464999999999996,4.3504499999999995,2019,1,2,February,Monday,9,False,2019-02,4.3504499999999995,13.0,Luxury (>$14),XL,Winter,High
NNH-62058-950,2021-01-14,96112-42558-EA,E-L-1,4,Karlan Karby,kkarby7t@sbwire.com,United States,1.0,14.85,59.4,Excelsa,Large,Yes,Boulder,80305,United States,kkarby7t@sbwire.com,Yes,0,+1 (303) 516-4935,0,Exc,1.0,14.85,1.6335,2021,1,1,January,Thursday,2,False,2021-01,6.534,11.0,Luxury (>$14),Large,Winter,Top
LTD-71429-845,2019-02-24,03157-23165-UB,A-L-0.5,1,Flory Crumpe,fcrumpe7u@ftc.gov,United Kingdom,0.5,7.77,7.77,Arabica,Large,No,Norton,NN11,United Kingdom,fcrumpe7u@ftc.gov,No,0,+44 (564) 507-1056,0,Ara,0.5,7.77,0.6992999999999999,2019,1,2,February,Sunday,8,True,2019-02,0.6992999999999999,9.0,Standard ($7-10),Medium,Winter,Low
MPV-26985-215,2019-06-23,51466-52850-AG,R-D-0.5,1,Amity Chatto,achatto7v@sakura.ne.jp,United Kingdom,0.5,5.369999999999999,5.369999999999999,Robusta,Dark,Yes,Sheffield,S33,United Kingdom,achatto7v@sakura.ne.jp,Yes,0,+44 (522) 740-3583,0,Rob,0.5,5.369999999999999,0.32219999999999993,2019,2,6,June,Sunday,25,True,2019-06,0.32219999999999993,6.0,Budget (<$7),Medium,Summer,Low
EFB-72860-209,2019-10-17,53035-99701-WG,A-M-0.2,4,Byram Mergue,bmergue7y@umn.edu,United States,0.2,3.375,13.5,Arabica,Medium,Yes,Canton,44710,United States,bmergue7y@umn.edu,Yes,0,UNKNOWN,1,Ara,0.2,3.375,0.30374999999999996,2019,4,10,October,Thursday,42,False,2019-10,1.2149999999999999,9.0,Budget (<$7),Small,Autumn,Low
GMM-72397-378,2022-05-16,45899-92796-EI,R-L-0.2,4,Kerr Patise,kpatise7z@jigsy.com,United States,0.2,3.5849999999999995,14.339999999999998,Robusta,Large,No,Boston,2114,United States,kpatise7z@jigsy.com,No,0,+1 (617) 552-8968,0,Rob,0.2,3.5849999999999995,0.21509999999999996,2022,2,5,May,Monday,20,False,2022-05,0.8603999999999998,6.0,Budget (<$7),Small,Spring,Low
XAH-93337-609,2021-10-28,66976-43829-YG,A-D-1,5,Domeniga Duke,dduke82@vkontakte.ru,United States,1.0,9.95,49.75,Arabica,Dark,No,Los Angeles,90071,United States,dduke82@vkontakte.ru,No,0,+1 (626) 268-7265,0,Ara,1.0,9.95,0.8954999999999999,2021,4,10,October,Thursday,43,False,2021-10,4.477499999999999,9.0,Standard ($7-10),Large,Autumn,High
ZDK-84567-102,2021-11-29,58690-31815-VY,A-D-0.5,3,Isidore Hussey,ihussey84@mapy.cz,United States,0.5,5.97,17.91,Arabica,Dark,No,Birmingham,35236,United States,ihussey84@mapy.cz,No,0,UNKNOWN,1,Ara,0.5,5.97,0.5373,2021,4,11,November,Monday,48,False,2021-11,1.6118999999999999,9.0,Budget (<$7),Medium,Autumn,Medium
WAV-38301-984,2021-03-20,62863-81239-DT,A-D-0.5,5,Cassie Pinkerton,cpinkerton85@upenn.edu,United States,0.5,5.97,29.849999999999998,Arabica,Dark,No,Alexandria,22309,United States,cpinkerton85@upenn.edu,No,0,+1 (202) 727-7464,0,Ara,0.5,5.97,0.5373,2021,1,3,March,Saturday,11,True,2021-03,2.6865,9.0,Budget (<$7),Medium,Spring,High
SIB-83254-136,2019-05-12,45315-50206-DK,R-M-0.5,6,Dorian Vizor,dvizor88@furl.net,United States,0.5,5.97,35.82,Robusta,Medium,Yes,Naples,34108,United States,dvizor88@furl.net,Yes,0,+1 (941) 130-0581,0,Rob,0.5,5.97,0.35819999999999996,2019,2,5,May,Sunday,19,True,2019-05,2.1491999999999996,6.0,Budget (<$7),Medium,Spring,High
NOK-50349-551,2021-03-03,09595-95726-OV,R-D-0.5,3,Eddi Sedgebeer,esedgebeer89@oaic.gov.au,United States,0.5,5.369999999999999,16.11,Robusta,Dark,Yes,Miami Beach,33141,United States,esedgebeer89@oaic.gov.au,Yes,0,+1 (305) 898-4252,0,Rob,0.5,5.369999999999999,0.32219999999999993,2021,1,3,March,Wednesday,9,False,2021-03,0.9665999999999998,6.0,Budget (<$7),Medium,Spring,Medium
YIS-96268-844,2020-02-11,60221-67036-TD,E-L-0.2,6,Ken Lestrange,klestrange8a@lulu.com,United States,0.2,4.455,26.73,Excelsa,Large,Yes,Atlanta,30358,United States,klestrange8a@lulu.com,Yes,0,+1 (404) 479-6402,0,Exc,0.2,4.455,0.49005,2020,1,2,February,Tuesday,7,False,2020-02,2.9402999999999997,11.0,Budget (<$7),Small,Winter,Medium
CXI-04933-855,2019-04-27,62923-29397-KX,E-L-2.5,6,Lacee Tanti,ltanti8b@techcrunch.com,United States,2.5,34.154999999999994,204.92999999999995,Excelsa,Large,Yes,Corpus Christi,78405,United States,ltanti8b@techcrunch.com,Yes,0,+1 (361) 383-8015,0,Exc,2.5,34.154999999999994,3.7570499999999996,2019,2,4,April,Saturday,17,True,2019-04,22.542299999999997,11.0,Luxury (>$14),XL,Spring,Top
IZU-90429-382,2022-03-26,33011-52383-BA,A-L-1,3,Arel De Lasci,ade8c@1und1.de,United States,1.0,12.95,38.849999999999994,Arabica,Large,Yes,Honolulu,96835,United States,ade8c@1und1.de,Yes,0,+1 (808) 868-6669,0,Ara,1.0,12.95,1.1655,2022,1,3,March,Saturday,12,True,2022-03,3.4965,9.0,Premium ($10-14),Large,Spring,High
WIT-40912-783,2020-09-28,86768-91598-FA,L-D-0.2,4,Trescha Jedrachowicz,tjedrachowicz8d@acquirethisname.com,United States,0.2,3.885,15.54,Libriac,Dark,Yes,Austin,78737,United States,tjedrachowicz8d@acquirethisname.com,Yes,0,+1 (512) 635-4547,0,Lib,0.2,3.885,0.50505,2020,3,9,September,Monday,40,False,2020-09,2.0202,13.0,Budget (<$7),Small,Autumn,Low
PSD-57291-590,2019-10-24,37191-12203-MX,A-M-0.5,1,Perkin Stonner,pstonner8e@moonfruit.com,United States,0.5,6.75,6.75,Arabica,Medium,No,Baltimore,21290,United States,pstonner8e@moonfruit.com,No,0,+1 (410) 158-5285,0,Ara,0.5,6.75,0.6074999999999999,2019,4,10,October,Thursday,43,False,2019-10,0.6074999999999999,9.0,Budget (<$7),Medium,Autumn,Low
GOI-41472-677,2021-08-04,16545-76328-JY,E-D-2.5,4,Darrin Tingly,dtingly8f@goo.ne.jp,United States,2.5,27.945,111.78,Excelsa,Dark,Yes,Lexington,40596,United States,dtingly8f@goo.ne.jp,Yes,0,UNKNOWN,1,Exc,2.5,27.945,3.07395,2021,3,8,August,Wednesday,31,False,2021-08,12.2958,11.0,Luxury (>$14),XL,Summer,Top
KTX-17944-494,2019-12-29,74330-29286-RO,A-L-0.2,1,Claudetta Rushe,crushe8n@about.me,United States,0.2,3.885,3.885,Arabica,Large,Yes,Charlotte,28299,United States,crushe8n@about.me,Yes,0,+1 (704) 883-8274,0,Ara,0.2,3.885,0.34964999999999996,2019,4,12,December,Sunday,52,True,2019-12,0.34964999999999996,9.0,Budget (<$7),Small,Winter,Low
RDM-99811-230,2019-11-27,22349-47389-GY,L-M-0.2,5,Benn Checci,bchecci8h@usa.gov,United Kingdom,0.2,4.365,21.825000000000003,Libriac,Medium,No,Eaton,DN22,United Kingdom,bchecci8h@usa.gov,No,0,+44 (237) 377-1917,0,Lib,0.2,4.365,0.56745,2019,4,11,November,Wednesday,48,False,2019-11,2.83725,13.0,Budget (<$7),Small,Autumn,Medium
JTU-55897-581,2020-02-29,70290-38099-GB,R-M-0.2,5,Janifer Bagot,jbagot8i@mac.com,United States,0.2,2.985,14.924999999999999,Robusta,Medium,No,Lincoln,68505,United States,jbagot8i@mac.com,No,0,+1 (402) 659-3815,0,Rob,0.2,2.985,0.17909999999999998,2020,1,2,February,Saturday,9,True,2020-02,0.8955,6.0,Budget (<$7),Small,Winter,Low
CRK-07584-240,2021-01-31,18741-72071-PP,A-M-1,3,Ermin Beeble,ebeeble8j@soundcloud.com,United States,1.0,11.25,33.75,Arabica,Medium,Yes,Cincinnati,45254,United States,ebeeble8j@soundcloud.com,Yes,0,+1 (513) 141-9892,0,Ara,1.0,11.25,1.0125,2021,1,1,January,Sunday,4,True,2021-01,3.0374999999999996,9.0,Premium ($10-14),Large,Winter,High
MKE-75518-399,2022-06-17,62588-82624-II,A-M-1,3,Cos Fluin,cfluin8k@flickr.com,United Kingdom,1.0,11.25,33.75,Arabica,Medium,No,Sheffield,S33,United Kingdom,cfluin8k@flickr.com,No,0,UNKNOWN,1,Ara,1.0,11.25,1.0125,2022,2,6,June,Friday,24,False,2022-06,3.0374999999999996,9.0,Premium ($10-14),Large,Summer,High
AEL-51169-725,2020-02-03,37430-29579-HD,L-M-0.2,6,Eveleen Bletsor,ebletsor8l@vinaora.com,United States,0.2,4.365,26.19,Libriac,Medium,Yes,West Hartford,6127,United States,ebletsor8l@vinaora.com,Yes,0,+1 (860) 182-4246,0,Lib,0.2,4.365,0.56745,2020,1,2,February,Monday,6,False,2020-02,3.4047,13.0,Budget (<$7),Small,Winter,Medium
ZGM-83108-823,2022-01-25,84132-22322-QT,E-L-1,1,Paola Brydell,pbrydell8m@bloglovin.com,Ireland,1.0,14.85,14.85,Excelsa,Large,No,Listowel,V31,Ireland,pbrydell8m@bloglovin.com,No,0,+353 (522) 527-0155,0,Exc,1.0,14.85,1.6335,2022,1,1,January,Tuesday,4,False,2022-01,1.6335,11.0,Luxury (>$14),Large,Winter,Low
JBP-78754-392,2020-04-30,74330-29286-RO,E-M-2.5,6,Claudetta Rushe,crushe8n@about.me,United States,2.5,31.624999999999996,189.74999999999997,Excelsa,Medium,Yes,Charlotte,28299,United States,crushe8n@about.me,Yes,0,+1 (704) 883-8274,0,Exc,2.5,31.624999999999996,3.47875,2020,2,4,April,Thursday,18,False,2020-04,20.8725,11.0,Luxury (>$14),XL,Spring,Top
RNH-54912-747,2021-05-01,37445-17791-NQ,R-M-0.5,1,Natka Leethem,nleethem8o@mac.com,United States,0.5,5.97,5.97,Robusta,Medium,Yes,Alexandria,71307,United States,nleethem8o@mac.com,Yes,0,+1 (318) 839-1492,0,Rob,0.5,5.97,0.35819999999999996,2021,2,5,May,Saturday,17,True,2021-05,0.35819999999999996,6.0,Budget (<$7),Medium,Spring,Low
JDS-33440-914,2021-10-28,58511-10548-ZU,R-M-1,3,Ailene Nesfield,anesfield8p@people.com.cn,United Kingdom,1.0,9.95,29.849999999999998,Robusta,Medium,Yes,Belfast,BT2,United Kingdom,anesfield8p@people.com.cn,Yes,0,+44 (418) 372-8139,0,Rob,1.0,9.95,0.597,2021,4,10,October,Thursday,43,False,2021-10,1.791,6.0,Standard ($7-10),Large,Autumn,High
ZGD-94763-868,2019-12-27,53086-67334-KT,E-L-2.5,1,Melli Brockway,mbrockway8r@ibm.com,United States,2.5,34.154999999999994,34.154999999999994,Excelsa,Large,Yes,Des Moines,50369,United States,mbrockway8r@ibm.com,Yes,0,+1 (515) 216-0617,0,Exc,2.5,34.154999999999994,3.7570499999999996,2019,4,12,December,Friday,52,False,2019-12,3.7570499999999996,11.0,Luxury (>$14),XL,Winter,High
CZY-70361-485,2019-06-25,83308-82257-UN,E-L-2.5,6,Nanny Lush,nlush8s@dedecms.com,Ireland,2.5,34.154999999999994,204.92999999999995,Excelsa,Large,No,Ballivor,D17,Ireland,nlush8s@dedecms.com,No,0,+353 (360) 805-4030,0,Exc,2.5,34.154999999999994,3.7570499999999996,2019,2,6,June,Tuesday,26,False,2019-06,22.542299999999997,11.0,Luxury (>$14),XL,Summer,Top
RJR-12175-899,2019-03-02,37274-08534-FM,E-D-0.5,3,Selma McMillian,smcmillian8t@csmonitor.com,United States,0.5,7.29,21.87,Excelsa,Dark,No,Akron,44315,United States,smcmillian8t@csmonitor.com,No,0,+1 (330) 407-0631,0,Exc,0.5,7.29,0.8019000000000001,2019,1,3,March,Saturday,9,True,2019-03,2.4057000000000004,11.0,Standard ($7-10),Medium,Spring,Medium
ELB-07929-407,2022-01-02,54004-04664-AA,A-M-2.5,2,Tess Bennison,tbennison8u@google.cn,United States,2.5,25.874999999999996,51.74999999999999,Arabica,Medium,Yes,West Palm Beach,33405,United States,tbennison8u@google.cn,Yes,0,+1 (561) 413-7904,0,Ara,2.5,25.874999999999996,2.3287499999999994,2022,1,1,January,Sunday,52,True,2022-01,4.657499999999999,9.0,Luxury (>$14),XL,Winter,High
UJQ-54441-340,2019-07-30,26822-19510-SD,E-M-0.2,2,Gabie Tweed,gtweed8v@yolasite.com,United States,0.2,4.125,8.25,Excelsa,Medium,Yes,Fresno,93715,United States,gtweed8v@yolasite.com,Yes,0,UNKNOWN,1,Exc,0.2,4.125,0.45375,2019,3,7,July,Tuesday,31,False,2019-07,0.9075,11.0,Budget (<$7),Small,Summer,Low
UJQ-54441-340,2019-07-30,26822-19510-SD,A-L-0.2,5,Gabie Tweed,gtweed8v@yolasite.com,United States,0.2,3.885,19.424999999999997,Arabica,Large,Yes,Fresno,93715,United States,gtweed8v@yolasite.com,Yes,0,UNKNOWN,1,Ara,0.2,3.885,0.34964999999999996,2019,3,7,July,Tuesday,31,False,2019-07,1.7482499999999999,9.0,Budget (<$7),Small,Summer,Medium
OWY-43108-475,2020-12-05,06432-73165-ML,A-M-0.2,6,Gaile Goggin,ggoggin8x@wix.com,Ireland,0.2,3.375,20.25,Arabica,Medium,Yes,Sandyford,D04,Ireland,ggoggin8x@wix.com,Yes,0,+353 (484) 159-9549,0,Ara,0.2,3.375,0.30374999999999996,2020,4,12,December,Saturday,49,True,2020-12,1.8224999999999998,9.0,Budget (<$7),Small,Winter,Medium
GNO-91911-159,2020-12-17,96503-31833-CW,L-D-0.5,3,Skylar Jeyness,sjeyness8y@biglobe.ne.jp,Ireland,0.5,7.77,23.31,Libriac,Dark,No,Dublin,D04,Ireland,sjeyness8y@biglobe.ne.jp,No,0,+353 (460) 272-4069,0,Lib,0.5,7.77,1.0101,2020,4,12,December,Thursday,51,False,2020-12,3.0303,13.0,Standard ($7-10),Medium,Winter,Medium
CNY-06284-066,2021-06-26,63985-64148-MG,E-D-0.2,5,Donica Bonhome,dbonhome8z@shinystat.com,United States,0.2,3.645,18.225,Excelsa,Dark,Yes,Knoxville,37924,United States,dbonhome8z@shinystat.com,Yes,0,+1 (865) 238-4985,0,Exc,0.2,3.645,0.40095000000000003,2021,2,6,June,Saturday,25,True,2021-06,2.00475,11.0,Budget (<$7),Small,Summer,Medium
IBW-87442-480,2022-07-14,79814-23626-JR,A-L-2.5,1,Trina Le Sarr,tle91@epa.gov,United States,2.5,29.784999999999997,29.784999999999997,Arabica,Large,Yes,San Francisco,94132,United States,tle91@epa.gov,Yes,0,+1 (415) 176-8216,0,Ara,2.5,29.784999999999997,2.6806499999999995,2022,3,7,July,Thursday,28,False,2022-07,2.6806499999999995,9.0,Luxury (>$14),XL,Summer,High
LPS-39089-432,2019-04-24,97655-45555-LI,R-D-1,5,Baudoin Alldridge,balldridge93@yandex.ru,United States,1.0,8.95,44.75,Robusta,Dark,Yes,Brooklyn,11215,United States,balldridge93@yandex.ru,Yes,0,+1 (646) 561-0082,0,Rob,1.0,8.95,0.5369999999999999,2019,2,4,April,Wednesday,17,False,2019-04,2.6849999999999996,6.0,Standard ($7-10),Large,Spring,High
XUR-14132-391,2022-08-08,96836-09258-RI,R-D-0.5,4,Lisa Goodger,lgoodger95@guardian.co.uk,United States,0.5,5.369999999999999,21.479999999999997,Robusta,Dark,Yes,Sacramento,94250,United States,lgoodger95@guardian.co.uk,Yes,0,UNKNOWN,1,Rob,0.5,5.369999999999999,0.32219999999999993,2022,3,8,August,Monday,32,False,2022-08,1.2887999999999997,6.0,Budget (<$7),Medium,Summer,Medium
OVI-27064-381,2019-11-13,37274-08534-FM,R-D-0.5,3,Selma McMillian,smcmillian8t@csmonitor.com,United States,0.5,5.369999999999999,16.11,Robusta,Dark,No,Akron,44315,United States,smcmillian8t@csmonitor.com,No,0,+1 (330) 407-0631,0,Rob,0.5,5.369999999999999,0.32219999999999993,2019,4,11,November,Wednesday,46,False,2019-11,0.9665999999999998,6.0,Budget (<$7),Medium,Autumn,Medium
SHP-17012-870,2020-06-07,69529-07533-CV,R-M-2.5,1,Corine Drewett,cdrewett97@wikipedia.org,United States,2.5,22.884999999999998,22.884999999999998,Robusta,Medium,Yes,Boynton Beach,33436,United States,cdrewett97@wikipedia.org,Yes,0,+1 (561) 651-3098,0,Rob,2.5,22.884999999999998,1.3730999999999998,2020,2,6,June,Sunday,23,True,2020-06,1.3730999999999998,6.0,Luxury (>$14),XL,Summer,Medium
FDY-03414-903,2019-08-12,94840-49457-UD,A-D-0.5,3,Quinn Parsons,qparsons98@blogtalkradio.com,United States,0.5,5.97,17.91,Arabica,Dark,Yes,Los Angeles,90094,United States,qparsons98@blogtalkradio.com,Yes,0,+1 (323) 848-5169,0,Ara,0.5,5.97,0.5373,2019,3,8,August,Monday,33,False,2019-08,1.6118999999999999,9.0,Budget (<$7),Medium,Summer,Medium
WXT-85291-143,2019-09-04,81414-81273-DK,R-M-0.5,4,Vivyan Ceely,vceely99@auda.org.au,United States,0.5,5.97,23.88,Robusta,Medium,Yes,Baltimore,21275,United States,vceely99@auda.org.au,Yes,0,+1 (410) 876-8486,0,Rob,0.5,5.97,0.35819999999999996,2019,3,9,September,Wednesday,36,False,2019-09,1.4327999999999999,6.0,Budget (<$7),Medium,Autumn,Medium
DOH-92927-530,2020-02-24,12839-56537-TQ,L-L-0.2,6,Clement Vasiliev,cvasiliev9b@discuz.net,United States,0.2,4.755,28.53,Libriac,Large,Yes,Garland,75049,United States,cvasiliev9b@discuz.net,Yes,0,+1 (214) 507-8264,0,Lib,0.2,4.755,0.61815,2020,1,2,February,Monday,9,False,2020-02,3.7089,13.0,Budget (<$7),Small,Winter,Medium
HGJ-82768-173,2021-08-26,62741-01322-HU,A-M-1,4,Terencio O'Moylan,tomoylan9c@liveinternet.ru,United Kingdom,1.0,11.25,45.0,Arabica,Medium,No,Church End,CB4,United Kingdom,tomoylan9c@liveinternet.ru,No,0,+44 (911) 807-7254,0,Ara,1.0,11.25,1.0125,2021,3,8,August,Thursday,34,False,2021-08,4.05,9.0,Premium ($10-14),Large,Summer,High
OYH-16533-767,2020-06-13,44932-34838-RM,E-L-1,4,Wyatan Fetherston,wfetherston9e@constantcontact.com,United States,1.0,14.85,59.4,Excelsa,Large,No,New York City,10184,United States,wfetherston9e@constantcontact.com,No,0,+1 (212) 724-3420,0,Exc,1.0,14.85,1.6335,2020,2,6,June,Saturday,24,True,2020-06,6.534,11.0,Luxury (>$14),Large,Summer,Top
DWW-28642-549,2021-03-01,91181-19412-RQ,E-D-0.2,2,Emmaline Rasmus,erasmus9f@techcrunch.com,United States,0.2,3.645,7.29,Excelsa,Dark,Yes,Boston,2216,United States,erasmus9f@techcrunch.com,Yes,0,+1 (617) 830-9474,0,Exc,0.2,3.645,0.40095000000000003,2021,1,3,March,Monday,9,False,2021-03,0.8019000000000001,11.0,Budget (<$7),Small,Spring,Low
CGO-79583-871,2019-03-04,37182-54930-XC,E-D-0.5,1,Wesley Giorgioni,wgiorgioni9g@wikipedia.org,United States,0.5,7.29,7.29,Excelsa,Dark,Yes,San Francisco,94132,United States,wgiorgioni9g@wikipedia.org,Yes,0,+1 (415) 960-7198,0,Exc,0.5,7.29,0.8019000000000001,2019,1,3,March,Monday,10,False,2019-03,0.8019000000000001,11.0,Standard ($7-10),Medium,Spring,Low
TFY-52090-386,2019-10-13,08613-17327-XT,E-L-0.5,2,Lucienne Scargle,lscargle9h@myspace.com,United States,0.5,8.91,17.82,Excelsa,Large,No,Indianapolis,46295,United States,lscargle9h@myspace.com,No,0,+1 (317) 136-7045,0,Exc,0.5,8.91,0.9801,2019,4,10,October,Sunday,41,True,2019-10,1.9602,11.0,Standard ($7-10),Medium,Autumn,Medium
TFY-52090-386,2019-10-13,08613-17327-XT,L-D-0.5,5,Lucienne Scargle,lscargle9h@myspace.com,United States,0.5,7.77,38.849999999999994,Libriac,Dark,No,Indianapolis,46295,United States,lscargle9h@myspace.com,No,0,+1 (317) 136-7045,0,Lib,0.5,7.77,1.0101,2019,4,10,October,Sunday,41,True,2019-10,5.0504999999999995,13.0,Standard ($7-10),Medium,Autumn,High
NYY-73968-094,2019-08-15,70451-38048-AH,R-D-0.5,6,Noam Climance,nclimance9j@europa.eu,United States,0.5,5.369999999999999,32.22,Robusta,Dark,No,Seattle,98148,United States,nclimance9j@europa.eu,No,0,UNKNOWN,1,Rob,0.5,5.369999999999999,0.32219999999999993,2019,3,8,August,Thursday,33,False,2019-08,1.9331999999999996,6.0,Budget (<$7),Medium,Summer,High
GKQ-82603-910,2020-01-19,83737-56117-JE,R-L-1,5,Ameline Snazle,asnazle9l@oracle.com,United States,1.0,11.95,59.75,Robusta,Large,No,Montgomery,36109,United States,asnazle9l@oracle.com,No,0,+1 (334) 193-6359,0,Rob,1.0,11.95,0.717,2020,1,1,January,Sunday,3,True,2020-01,3.585,6.0,Premium ($10-14),Large,Winter,Top
IOB-32673-745,2021-05-28,07095-81281-NJ,A-L-0.5,3,Rebeka Worg,rworg9m@arstechnica.com,United States,0.5,7.77,23.31,Arabica,Large,Yes,Dallas,75372,United States,rworg9m@arstechnica.com,Yes,0,+1 (214) 985-2470,0,Ara,0.5,7.77,0.6992999999999999,2021,2,5,May,Friday,21,False,2021-05,2.0978999999999997,9.0,Standard ($7-10),Medium,Spring,Medium
YAU-98893-150,2022-01-15,77043-48851-HG,L-M-1,3,Lewes Danes,ldanes9n@umn.edu,United States,1.0,14.55,43.650000000000006,Libriac,Medium,No,Topeka,66622,United States,ldanes9n@umn.edu,No,0,+1 (785) 398-5129,0,Lib,1.0,14.55,1.8915000000000002,2022,1,1,January,Saturday,2,True,2022-01,5.6745,13.0,Luxury (>$14),Large,Winter,High
XNM-14163-951,2019-12-04,78224-60622-KH,E-L-2.5,6,Shelli Keynd,skeynd9o@narod.ru,United States,2.5,34.154999999999994,204.92999999999995,Excelsa,Large,No,Tyler,75799,United States,skeynd9o@narod.ru,No,0,+1 (903) 299-3053,0,Exc,2.5,34.154999999999994,3.7570499999999996,2019,4,12,December,Wednesday,49,False,2019-12,22.542299999999997,11.0,Luxury (>$14),XL,Winter,Top
JPB-45297-000,2022-07-01,83105-86631-IU,R-L-0.2,4,Dell Daveridge,ddaveridge9p@arstechnica.com,United States,0.2,3.5849999999999995,14.339999999999998,Robusta,Large,No,Los Angeles,90065,United States,ddaveridge9p@arstechnica.com,No,0,+1 (213) 474-2139,0,Rob,0.2,3.5849999999999995,0.21509999999999996,2022,3,7,July,Friday,26,False,2022-07,0.8603999999999998,6.0,Budget (<$7),Small,Summer,Low
MOU-74341-266,2019-05-07,99358-65399-TC,A-D-0.5,4,Joshuah Awdry,jawdry9q@utexas.edu,United States,0.5,5.97,23.88,Arabica,Dark,No,Shreveport,71137,United States,jawdry9q@utexas.edu,No,0,+1 (318) 747-7610,0,Ara,0.5,5.97,0.5373,2019,2,5,May,Tuesday,19,False,2019-05,2.1492,9.0,Budget (<$7),Medium,Spring,Medium
DHJ-87461-571,2020-08-23,94525-76037-JP,A-M-1,2,Ethel Ryles,eryles9r@fastcompany.com,United States,1.0,11.25,22.5,Arabica,Medium,No,Boise,83722,United States,eryles9r@fastcompany.com,No,0,+1 (208) 760-1705,0,Ara,1.0,11.25,1.0125,2020,3,8,August,Sunday,34,True,2020-08,2.025,9.0,Premium ($10-14),Large,Summer,Medium
ORZ-67699-748,2020-02-15,44708-78241-DF,A-M-2.5,6,Jodee Caldicott,jcaldicott9u@usda.gov,United States,2.5,25.874999999999996,155.24999999999997,Arabica,Medium,No,Fort Pierce,34981,United States,jcaldicott9u@usda.gov,No,0,UNKNOWN,1,Ara,2.5,25.874999999999996,2.3287499999999994,2020,1,2,February,Saturday,7,True,2020-02,13.972499999999997,9.0,Luxury (>$14),XL,Winter,Top
JXP-28398-485,2021-06-11,23039-93032-FN,A-D-2.5,5,Marianna Vedmore,mvedmore9v@a8.net,United States,2.5,22.884999999999998,114.42499999999998,Arabica,Dark,Yes,Greensboro,27415,United States,mvedmore9v@a8.net,Yes,0,+1 (336) 366-8873,0,Ara,2.5,22.884999999999998,2.0596499999999995,2021,2,6,June,Friday,23,False,2021-06,10.298249999999998,9.0,Luxury (>$14),XL,Summer,Top
WWH-92259-198,2022-03-11,35256-12529-FT,L-D-1,4,Willey Romao,wromao9w@chronoengine.com,United States,1.0,12.95,51.8,Libriac,Dark,Yes,Sacramento,94237,United States,wromao9w@chronoengine.com,Yes,0,+1 (916) 623-2394,0,Lib,1.0,12.95,1.6835,2022,1,3,March,Friday,10,False,2022-03,6.734,13.0,Premium ($10-14),Large,Spring,High
AMB-93600-000,2019-05-14,64435-53100-WM,A-L-2.5,1,Tomasina Cotmore,tcotmore9y@amazonaws.com,United States,2.5,29.784999999999997,29.784999999999997,Arabica,Large,No,Reston,22096,United States,tcotmore9y@amazonaws.com,No,0,+1 (571) 250-3012,0,Ara,2.5,29.784999999999997,2.6806499999999995,2019,2,5,May,Tuesday,20,False,2019-05,2.6806499999999995,9.0,Luxury (>$14),XL,Spring,High
FEP-36895-658,2019-04-08,44699-43836-UH,R-L-0.2,6,Yuma Skipsey,yskipsey9z@spotify.com,United Kingdom,0.2,3.5849999999999995,21.509999999999998,Robusta,Large,No,Charlton,OX12,United Kingdom,yskipsey9z@spotify.com,No,0,+44 (257) 759-9950,0,Rob,0.2,3.5849999999999995,0.21509999999999996,2019,2,4,April,Monday,15,False,2019-04,1.2905999999999997,6.0,Budget (<$7),Small,Spring,Medium
RXW-91413-276,2020-08-15,29588-35679-RG,R-D-2.5,2,Nicko Corps,ncorpsa0@gmpg.org,United States,2.5,20.584999999999997,41.169999999999995,Robusta,Dark,No,Columbia,29220,United States,ncorpsa0@gmpg.org,No,0,+1 (803) 730-8217,0,Rob,2.5,20.584999999999997,1.2350999999999999,2020,3,8,August,Saturday,33,True,2020-08,2.4701999999999997,6.0,Luxury (>$14),XL,Summer,High
RXW-91413-276,2020-08-15,29588-35679-RG,R-M-0.5,1,Nicko Corps,ncorpsa0@gmpg.org,United States,0.5,5.97,5.97,Robusta,Medium,No,Columbia,29220,United States,ncorpsa0@gmpg.org,No,0,+1 (803) 730-8217,0,Rob,0.5,5.97,0.35819999999999996,2020,3,8,August,Saturday,33,True,2020-08,0.35819999999999996,6.0,Budget (<$7),Medium,Summer,Low
SDB-77492-188,2022-05-05,64815-54078-HH,E-L-1,5,Feliks Babber,fbabbera2@stanford.edu,United States,1.0,14.85,74.25,Excelsa,Large,Yes,Phoenix,85025,United States,fbabbera2@stanford.edu,Yes,0,+1 (623) 550-6050,0,Exc,1.0,14.85,1.6335,2022,2,5,May,Thursday,18,False,2022-05,8.1675,11.0,Luxury (>$14),Large,Spring,Top
RZN-65182-395,2021-03-27,59572-41990-XY,L-M-1,6,Kaja Loxton,kloxtona3@opensource.org,United States,1.0,14.55,87.30000000000001,Libriac,Medium,No,Miami,33233,United States,kloxtona3@opensource.org,No,0,UNKNOWN,1,Lib,1.0,14.55,1.8915000000000002,2021,1,3,March,Saturday,12,True,2021-03,11.349,13.0,Luxury (>$14),Large,Spring,Top
HDQ-86094-507,2019-04-27,32481-61533-ZJ,E-D-1,6,Parker Tofful,ptoffula4@posterous.com,United States,1.0,12.15,72.9,Excelsa,Dark,Yes,Fresno,93762,United States,ptoffula4@posterous.com,Yes,0,+1 (310) 210-6841,0,Exc,1.0,12.15,1.3365,2019,2,4,April,Saturday,17,True,2019-04,8.019,11.0,Premium ($10-14),Large,Spring,Top
YXO-79631-417,2021-09-25,31587-92570-HL,L-D-0.5,1,Casi Gwinnett,cgwinnetta5@behance.net,United States,0.5,7.77,7.77,Libriac,Dark,No,Anaheim,92825,United States,cgwinnetta5@behance.net,No,0,UNKNOWN,1,Lib,0.5,7.77,1.0101,2021,3,9,September,Saturday,38,True,2021-09,1.0101,13.0,Standard ($7-10),Medium,Autumn,Low
GPU-65651-504,2022-05-11,83947-45528-ET,E-M-2.5,2,Leesa Flaonier,lflaoniera8@wordpress.org,United States,2.5,31.624999999999996,63.24999999999999,Excelsa,Medium,No,Staten Island,10305,United States,lflaoniera8@wordpress.org,No,0,+1 (718) 586-2839,0,Exc,2.5,31.624999999999996,3.47875,2022,2,5,May,Wednesday,19,False,2022-05,6.9575,11.0,Luxury (>$14),XL,Spring,Top
GZS-50547-887,2019-02-05,61600-55136-UM,E-D-1,2,Corinna Catcheside,ccatchesideaa@macromedia.com,United States,1.0,12.15,24.3,Excelsa,Dark,Yes,Salt Lake City,84105,United States,ccatchesideaa@macromedia.com,Yes,0,+1 (801) 121-6042,0,Exc,1.0,12.15,1.3365,2019,1,2,February,Tuesday,6,False,2019-02,2.673,11.0,Premium ($10-14),Large,Winter,Medium
ESR-54041-053,2022-05-24,59771-90302-OF,A-L-0.5,6,Cortney Gibbonson,cgibbonsonab@accuweather.com,United States,0.5,7.77,46.62,Arabica,Large,Yes,Seattle,98109,United States,cgibbonsonab@accuweather.com,Yes,0,+1 (206) 848-3585,0,Ara,0.5,7.77,0.6992999999999999,2022,2,5,May,Tuesday,21,False,2022-05,4.195799999999999,9.0,Standard ($7-10),Medium,Spring,High
OGD-10781-526,2020-10-04,16880-78077-FB,R-L-0.5,6,Terri Farra,tfarraac@behance.net,United States,0.5,7.169999999999999,43.019999999999996,Robusta,Large,No,Odessa,79764,United States,tfarraac@behance.net,No,0,+1 (432) 648-9589,0,Rob,0.5,7.169999999999999,0.4301999999999999,2020,4,10,October,Sunday,40,True,2020-10,2.5811999999999995,6.0,Standard ($7-10),Medium,Autumn,High
BNZ-20544-633,2020-10-21,31798-95707-NR,L-L-0.5,4,Gothart Bamfield,gbamfieldae@yellowpages.com,United States,0.5,9.51,38.04,Libriac,Large,Yes,Irving,75037,United States,gbamfieldae@yellowpages.com,Yes,0,+1 (214) 200-7886,0,Lib,0.5,9.51,1.2363,2020,4,10,October,Wednesday,43,False,2020-10,4.9452,13.0,Standard ($7-10),Medium,Autumn,High
FUX-85791-078,2020-10-16,59122-08794-WT,A-M-0.2,2,Waylin Hollingdale,whollingdaleaf@about.me,United States,0.2,3.375,6.75,Arabica,Medium,Yes,Dayton,45426,United States,whollingdaleaf@about.me,Yes,0,+1 (937) 354-2653,0,Ara,0.2,3.375,0.30374999999999996,2020,4,10,October,Friday,42,False,2020-10,0.6074999999999999,9.0,Budget (<$7),Small,Autumn,Low
YXP-20078-116,2020-09-23,37238-52421-JJ,R-M-0.5,1,Judd De Leek,jdeag@xrea.com,United States,0.5,5.97,5.97,Robusta,Medium,Yes,Grand Rapids,49560,United States,jdeag@xrea.com,Yes,0,+1 (616) 966-1581,0,Rob,0.5,5.97,0.35819999999999996,2020,3,9,September,Wednesday,39,False,2020-09,0.35819999999999996,6.0,Budget (<$7),Medium,Autumn,Low
VQV-59984-866,2019-03-08,48854-01899-FN,R-D-0.2,3,Vanya Skullet,vskulletah@tinyurl.com,Ireland,0.2,2.6849999999999996,8.055,Robusta,Dark,No,Balally,D04,Ireland,vskulletah@tinyurl.com,No,0,+353 (215) 420-1467,0,Rob,0.2,2.6849999999999996,0.16109999999999997,2019,1,3,March,Friday,10,False,2019-03,0.4832999999999999,6.0,Budget (<$7),Small,Spring,Low
JEH-37276-048,2021-06-30,80896-38819-DW,A-L-0.5,3,Jany Rudeforth,jrudeforthai@wunderground.com,Ireland,0.5,7.77,23.31,Arabica,Large,Yes,Tullyallen,E25,Ireland,jrudeforthai@wunderground.com,Yes,0,+353 (232) 377-5407,0,Ara,0.5,7.77,0.6992999999999999,2021,2,6,June,Wednesday,26,False,2021-06,2.0978999999999997,9.0,Standard ($7-10),Medium,Summer,Medium
VYD-28555-589,2019-08-13,29814-01459-RC,R-L-0.5,6,Ashbey Tomaszewski,atomaszewskiaj@answers.com,United Kingdom,0.5,7.169999999999999,43.019999999999996,Robusta,Large,Yes,Sutton,CT15,United Kingdom,atomaszewskiaj@answers.com,Yes,0,UNKNOWN,1,Rob,0.5,7.169999999999999,0.4301999999999999,2019,3,8,August,Tuesday,33,False,2019-08,2.5811999999999995,6.0,Standard ($7-10),Medium,Summer,High
RJV-08261-583,2022-03-26,48497-29281-FE,A-D-0.2,5,Pren Bess,pbessal@qq.com,United States,0.2,2.985,14.924999999999999,Arabica,Dark,Yes,Los Angeles,90010,United States,pbessal@qq.com,Yes,0,+1 (949) 121-4600,0,Ara,0.2,2.985,0.26865,2022,1,3,March,Saturday,12,True,2022-03,1.34325,9.0,Budget (<$7),Small,Spring,Low
PMR-56062-609,2020-01-10,43605-12616-YH,E-D-0.5,3,Elka Windress,ewindressam@marketwatch.com,United States,0.5,7.29,21.87,Excelsa,Dark,No,Baltimore,21239,United States,ewindressam@marketwatch.com,No,0,+1 (443) 619-7953,0,Exc,0.5,7.29,0.8019000000000001,2020,1,1,January,Friday,2,False,2020-01,2.4057000000000004,11.0,Standard ($7-10),Medium,Winter,Medium
QAW-05889-019,2021-12-29,68810-07329-EU,L-M-0.5,5,Virgil Baumadier,vbaumadierap@google.cn,United States,0.5,8.73,43.650000000000006,Libriac,Medium,Yes,Kansas City,64125,United States,vbaumadierap@google.cn,Yes,0,+1 (816) 987-4857,0,Lib,0.5,8.73,1.1349,2021,4,12,December,Wednesday,52,False,2021-12,5.6745,13.0,Standard ($7-10),Medium,Winter,High
DHT-93810-053,2021-09-16,17005-82030-EA,E-L-1,5,Shirleen Welds,sweldsar@wired.com,United States,1.0,14.85,74.25,Excelsa,Large,Yes,New Haven,6510,United States,sweldsar@wired.com,Yes,0,+1 (203) 568-7058,0,Exc,1.0,14.85,1.6335,2021,3,9,September,Thursday,37,False,2021-09,8.1675,11.0,Luxury (>$14),Large,Autumn,Top
DMY-96037-963,2020-10-26,42179-95059-DO,L-D-0.2,3,Maisie Sarvar,msarvaras@artisteer.com,United States,0.2,3.885,11.655,Libriac,Dark,Yes,Lawrenceville,30045,United States,msarvaras@artisteer.com,Yes,0,+1 (404) 401-6865,0,Lib,0.2,3.885,0.50505,2020,4,10,October,Monday,44,False,2020-10,1.51515,13.0,Budget (<$7),Small,Autumn,Low
MBM-55936-917,2019-03-12,55989-39849-WO,L-D-0.5,3,Andrej Havick,ahavickat@nsw.gov.au,United States,0.5,7.77,23.31,Libriac,Dark,Yes,Asheville,28805,United States,ahavickat@nsw.gov.au,Yes,0,+1 (828) 769-0743,0,Lib,0.5,7.77,1.0101,2019,1,3,March,Tuesday,11,False,2019-03,3.0303,13.0,Standard ($7-10),Medium,Spring,Medium
TPA-93614-840,2021-02-18,28932-49296-TM,E-D-0.5,2,Sloan Diviny,sdivinyau@ask.com,United States,0.5,7.29,14.58,Excelsa,Dark,Yes,Saint Paul,55123,United States,sdivinyau@ask.com,Yes,0,UNKNOWN,1,Exc,0.5,7.29,0.8019000000000001,2021,1,2,February,Thursday,7,False,2021-02,1.6038000000000001,11.0,Standard ($7-10),Medium,Winter,Low
WDM-77521-710,2020-10-29,86144-10144-CB,A-M-0.5,2,Itch Norquoy,inorquoyav@businessweek.com,United States,0.5,6.75,13.5,Arabica,Medium,No,Minneapolis,55458,United States,inorquoyav@businessweek.com,No,0,UNKNOWN,1,Ara,0.5,6.75,0.6074999999999999,2020,4,10,October,Thursday,44,False,2020-10,1.2149999999999999,9.0,Budget (<$7),Medium,Autumn,Low
EIP-19142-462,2021-09-06,60973-72562-DQ,E-L-1,6,Anson Iddison,aiddisonaw@usa.gov,United States,1.0,14.85,89.1,Excelsa,Large,No,Santa Ana,92725,United States,aiddisonaw@usa.gov,No,0,+1 (714) 658-0310,0,Exc,1.0,14.85,1.6335,2021,3,9,September,Monday,36,False,2021-09,9.801,11.0,Luxury (>$14),Large,Autumn,Top
EIP-19142-462,2021-09-06,60973-72562-DQ,A-L-0.2,1,Anson Iddison,aiddisonaw@usa.gov,United States,0.2,3.885,3.885,Arabica,Large,No,Santa Ana,92725,United States,aiddisonaw@usa.gov,No,0,+1 (714) 658-0310,0,Ara,0.2,3.885,0.34964999999999996,2021,3,9,September,Monday,36,False,2021-09,0.34964999999999996,9.0,Budget (<$7),Small,Autumn,Low
ZZL-76364-387,2020-09-09,11263-86515-VU,R-L-2.5,4,Randal Longfield,rlongfielday@bluehost.com,United States,2.5,27.484999999999996,109.93999999999998,Robusta,Large,No,Minneapolis,55458,United States,rlongfielday@bluehost.com,No,0,+1 (612) 210-6966,0,Rob,2.5,27.484999999999996,1.6490999999999998,2020,3,9,September,Wednesday,37,False,2020-09,6.596399999999999,6.0,Luxury (>$14),XL,Autumn,Top
GMF-18638-786,2021-09-26,60004-62976-NI,L-D-0.5,6,Gregorius Kislingbury,gkislingburyaz@samsung.com,United States,0.5,7.77,46.62,Libriac,Dark,Yes,Washington,20420,United States,gkislingburyaz@samsung.com,Yes,0,UNKNOWN,1,Lib,0.5,7.77,1.0101,2021,3,9,September,Sunday,38,True,2021-09,6.0606,13.0,Standard ($7-10),Medium,Autumn,High
TDJ-20844-787,2020-11-05,77876-28498-HI,A-L-0.5,5,Xenos Gibbons,xgibbonsb0@artisteer.com,United States,0.5,7.77,38.849999999999994,Arabica,Large,No,San Bernardino,92415,United States,xgibbonsb0@artisteer.com,No,0,+1 (909) 614-0008,0,Ara,0.5,7.77,0.6992999999999999,2020,4,11,November,Thursday,45,False,2020-11,3.4964999999999997,9.0,Standard ($7-10),Medium,Autumn,High
BWK-39400-446,2019-09-12,61302-06948-EH,L-D-0.5,4,Fleur Parres,fparresb1@imageshack.us,United States,0.5,7.77,31.08,Libriac,Dark,Yes,Rochester,14609,United States,fparresb1@imageshack.us,Yes,0,+1 (585) 672-4256,0,Lib,0.5,7.77,1.0101,2019,3,9,September,Thursday,37,False,2019-09,4.0404,13.0,Standard ($7-10),Medium,Autumn,High
LCB-02099-995,2019-07-31,06757-96251-UH,A-D-0.2,6,Gran Sibray,gsibrayb2@wsj.com,United States,0.2,2.985,17.91,Arabica,Dark,Yes,Vancouver,98664,United States,gsibrayb2@wsj.com,Yes,0,+1 (360) 389-5295,0,Ara,0.2,2.985,0.26865,2019,3,7,July,Wednesday,31,False,2019-07,1.6118999999999999,9.0,Budget (<$7),Small,Summer,Medium
UBA-43678-174,2019-03-15,44530-75983-OD,E-D-2.5,6,Ingelbert Hotchkin,ihotchkinb3@mit.edu,United Kingdom,2.5,27.945,167.67000000000002,Excelsa,Dark,No,Preston,PR1,United Kingdom,ihotchkinb3@mit.edu,No,0,+44 (387) 464-9544,0,Exc,2.5,27.945,3.07395,2019,1,3,March,Friday,11,False,2019-03,18.4437,11.0,Luxury (>$14),XL,Spring,Top
UDH-24280-432,2021-05-16,44865-58249-RY,L-L-1,4,Neely Broadberrie,nbroadberrieb4@gnu.org,United States,1.0,15.85,63.4,Libriac,Large,No,Washington,20057,United States,nbroadberrieb4@gnu.org,No,0,+1 (202) 327-2217,0,Lib,1.0,15.85,2.0605,2021,2,5,May,Sunday,19,True,2021-05,8.242,13.0,Luxury (>$14),Large,Spring,Top
IDQ-20193-502,2019-05-06,36021-61205-DF,L-M-0.2,2,Rutger Pithcock,rpithcockb5@yellowbook.com,United States,0.2,4.365,8.73,Libriac,Medium,Yes,Knoxville,37924,United States,rpithcockb5@yellowbook.com,Yes,0,+1 (865) 655-9540,0,Lib,0.2,4.365,0.56745,2019,2,5,May,Monday,19,False,2019-05,1.1349,13.0,Budget (<$7),Small,Spring,Low
DJG-14442-608,2019-02-06,75716-12782-SS,R-D-1,3,Gale Croysdale,gcroysdaleb6@nih.gov,United States,1.0,8.95,26.849999999999998,Robusta,Dark,Yes,Charleston,25336,United States,gcroysdaleb6@nih.gov,Yes,0,+1 (304) 384-2939,0,Rob,1.0,8.95,0.5369999999999999,2019,1,2,February,Wednesday,6,False,2019-02,1.6109999999999998,6.0,Standard ($7-10),Large,Winter,Medium
DWB-61381-370,2021-04-09,11812-00461-KH,L-L-0.2,2,Benedetto Gozzett,bgozzettb7@github.com,United States,0.2,4.755,9.51,Libriac,Large,No,Dallas,75372,United States,bgozzettb7@github.com,No,0,+1 (214) 700-0229,0,Lib,0.2,4.755,0.61815,2021,2,4,April,Friday,14,False,2021-04,1.2363,13.0,Budget (<$7),Small,Spring,Low
FRD-17347-990,2020-05-20,46681-78850-ZW,A-D-1,4,Tania Craggs,tcraggsb8@house.gov,Ireland,1.0,9.95,39.8,Arabica,Dark,No,Whitegate,D15,Ireland,tcraggsb8@house.gov,No,0,+353 (239) 197-6142,0,Ara,1.0,9.95,0.8954999999999999,2020,2,5,May,Wednesday,21,False,2020-05,3.5819999999999994,9.0,Standard ($7-10),Large,Spring,High
YPP-27450-525,2020-12-02,01932-87052-KO,E-M-0.5,3,Leonie Cullrford,lcullrfordb9@xing.com,United States,0.5,8.25,24.75,Excelsa,Medium,Yes,Chico,95973,United States,lcullrfordb9@xing.com,Yes,0,+1 (530) 998-9789,0,Exc,0.5,8.25,0.9075,2020,4,12,December,Wednesday,49,False,2020-12,2.7225,11.0,Standard ($7-10),Medium,Winter,Medium
EFC-39577-424,2021-08-08,16046-34805-ZF,E-M-1,5,Auguste Rizon,arizonba@xing.com,United States,1.0,13.75,68.75,Excelsa,Medium,Yes,Little Rock,72215,United States,arizonba@xing.com,Yes,0,+1 (501) 732-3644,0,Exc,1.0,13.75,1.5125,2021,3,8,August,Sunday,31,True,2021-08,7.5625,11.0,Premium ($10-14),Large,Summer,Top
WKL-27981-758,2022-04-08,73699-93557-FZ,A-M-2.5,2,Felice Miell,fmiellbc@spiegel.de,United States,2.5,25.874999999999996,51.74999999999999,Arabica,Medium,Yes,New Brunswick,8922,United States,fmiellbc@spiegel.de,Yes,0,+1 (732) 770-5368,0,Ara,2.5,25.874999999999996,2.3287499999999994,2022,2,4,April,Friday,14,False,2022-04,4.657499999999999,9.0,Luxury (>$14),XL,Spring,High
ICF-17486-106,2020-01-27,19196-09748-DB,L-L-2.5,1,Waylan Springall,wspringallbh@jugem.jp,United States,2.5,36.455,36.455,Libriac,Large,Yes,Alhambra,91841,United States,wspringallbh@jugem.jp,Yes,0,+1 (626) 495-9253,0,Lib,2.5,36.455,4.7391499999999995,2020,1,1,January,Monday,5,False,2020-01,4.7391499999999995,13.0,Luxury (>$14),XL,Winter,High
HTS-15020-632,2019-08-06,53817-13148-RK,R-M-0.2,3,Gregg Hawkyens,ghawkyensbj@census.gov,United States,0.2,2.985,8.955,Robusta,Medium,No,Lafayette,70593,United States,ghawkyensbj@census.gov,No,0,UNKNOWN,1,Rob,0.2,2.985,0.17909999999999998,2019,3,8,August,Tuesday,32,False,2019-08,0.5372999999999999,6.0,Budget (<$7),Small,Summer,Low
RGU-43561-950,2020-11-07,44220-00348-MB,A-L-2.5,5,Broderick McGilvra,bmcgilvrabm@so-net.ne.jp,United States,2.5,29.784999999999997,148.92499999999998,Arabica,Large,Yes,Sacramento,94263,United States,bmcgilvrabm@so-net.ne.jp,Yes,0,UNKNOWN,1,Ara,2.5,29.784999999999997,2.6806499999999995,2020,4,11,November,Saturday,45,True,2020-11,13.403249999999998,9.0,Luxury (>$14),XL,Autumn,Top
JSN-73975-443,2022-06-27,93047-98331-DD,L-M-0.5,1,Annabella Danzey,adanzeybn@github.com,United States,0.5,8.73,8.73,Libriac,Medium,Yes,Lincoln,68505,United States,adanzeybn@github.com,Yes,0,+1 (402) 633-9913,0,Lib,0.5,8.73,1.1349,2022,2,6,June,Monday,26,False,2022-06,1.1349,13.0,Standard ($7-10),Medium,Summer,Low
WNR-71736-993,2020-02-05,16880-78077-FB,L-D-0.5,4,Terri Farra,tfarraac@behance.net,United States,0.5,7.77,31.08,Libriac,Dark,No,Odessa,79764,United States,tfarraac@behance.net,No,0,+1 (432) 648-9589,0,Lib,0.5,7.77,1.0101,2020,1,2,February,Wednesday,6,False,2020-02,4.0404,13.0,Standard ($7-10),Medium,Winter,High
WNR-71736-993,2020-02-05,16880-78077-FB,A-D-2.5,6,Terri Farra,tfarraac@behance.net,United States,2.5,22.884999999999998,137.31,Arabica,Dark,No,Odessa,79764,United States,tfarraac@behance.net,No,0,+1 (432) 648-9589,0,Ara,2.5,22.884999999999998,2.0596499999999995,2020,1,2,February,Wednesday,6,False,2020-02,12.357899999999997,9.0,Luxury (>$14),XL,Winter,Top
SVD-75407-177,2021-08-23,16106-36039-QS,E-L-0.5,3,Yulma Dombrell,ydombrellbs@dedecms.com,United States,0.5,8.91,26.73,Excelsa,Large,Yes,Little Rock,72204,United States,ydombrellbs@dedecms.com,Yes,0,+1 (501) 136-0040,0,Exc,0.5,8.91,0.9801,2021,3,8,August,Monday,34,False,2021-08,2.9402999999999997,11.0,Standard ($7-10),Medium,Summer,Medium
NVN-66443-451,2021-08-20,98921-82417-GN,R-D-1,2,Alric Darth,adarthbt@t.co,United States,1.0,8.95,17.9,Robusta,Dark,No,Anchorage,99507,United States,adarthbt@t.co,No,0,+1 (907) 557-6903,0,Rob,1.0,8.95,0.5369999999999999,2021,3,8,August,Friday,33,False,2021-08,1.0739999999999998,6.0,Standard ($7-10),Large,Summer,Medium
JUA-13580-095,2019-04-01,55265-75151-AK,R-L-0.2,4,Manuel Darrigoe,mdarrigoebu@hud.gov,Ireland,0.2,3.5849999999999995,14.339999999999998,Robusta,Large,Yes,Longwood,D02,Ireland,mdarrigoebu@hud.gov,Yes,0,+353 (973) 320-9537,0,Rob,0.2,3.5849999999999995,0.21509999999999996,2019,2,4,April,Monday,14,False,2019-04,0.8603999999999998,6.0,Budget (<$7),Small,Spring,Low
QBB-07903-622,2019-10-21,32622-54551-UC,R-L-1,5,Minetta Ackrill,mackrillbw@bandcamp.com,United States,1.0,11.95,59.75,Robusta,Large,No,Warren,44485,United States,mackrillbw@bandcamp.com,No,0,+1 (330) 603-2373,0,Rob,1.0,11.95,0.717,2019,4,10,October,Monday,43,False,2019-10,3.585,6.0,Premium ($10-14),Large,Autumn,Top
JLJ-81802-619,2021-06-20,16880-78077-FB,A-L-1,6,Terri Farra,tfarraac@behance.net,United States,1.0,12.95,77.69999999999999,Arabica,Large,No,Odessa,79764,United States,tfarraac@behance.net,No,0,+1 (432) 648-9589,0,Ara,1.0,12.95,1.1655,2021,2,6,June,Sunday,24,True,2021-06,6.993,9.0,Premium ($10-14),Large,Summer,Top
HFT-77191-168,2021-11-04,48419-02347-XP,R-D-0.2,2,Melosa Kippen,mkippenby@dion.ne.jp,United States,0.2,2.6849999999999996,5.369999999999999,Robusta,Dark,Yes,Jackson,39236,United States,mkippenby@dion.ne.jp,Yes,0,+1 (601) 262-2557,0,Rob,0.2,2.6849999999999996,0.16109999999999997,2021,4,11,November,Thursday,44,False,2021-11,0.32219999999999993,6.0,Budget (<$7),Small,Autumn,Low
SZR-35951-530,2021-04-05,14121-20527-OJ,E-D-2.5,3,Witty Ranson,wransonbz@ted.com,Ireland,2.5,27.945,83.83500000000001,Excelsa,Dark,Yes,Kildare,R51,Ireland,wransonbz@ted.com,Yes,0,+353 (376) 165-2897,0,Exc,2.5,27.945,3.07395,2021,2,4,April,Monday,14,False,2021-04,9.22185,11.0,Luxury (>$14),XL,Spring,Top
XEY-48929-474,2022-01-02,21889-94615-WT,L-M-2.5,6,Lemuel Rignold,lrignoldc1@miibeian.gov.cn,United States,2.5,33.464999999999996,200.78999999999996,Libriac,Medium,Yes,Sacramento,94250,United States,lrignoldc1@miibeian.gov.cn,Yes,0,+1 (916) 472-7804,0,Lib,2.5,33.464999999999996,4.3504499999999995,2022,1,1,January,Sunday,52,True,2022-01,26.1027,13.0,Luxury (>$14),XL,Winter,Top
QDU-45390-361,2021-11-28,03677-09134-BC,E-M-0.5,1,Chance Rowthorn,crowthornc3@msn.com,United States,0.5,8.25,8.25,Excelsa,Medium,No,Topeka,66622,United States,crowthornc3@msn.com,No,0,+1 (785) 380-3311,0,Exc,0.5,8.25,0.9075,2021,4,11,November,Sunday,47,True,2021-11,0.9075,11.0,Standard ($7-10),Medium,Autumn,Low
RUJ-30649-712,2022-03-11,93224-71517-WV,L-L-0.2,2,Orly Ryland,orylandc4@deviantart.com,United States,0.2,4.755,9.51,Libriac,Large,Yes,Fargo,58122,United States,orylandc4@deviantart.com,Yes,0,+1 (701) 417-3513,0,Lib,0.2,4.755,0.61815,2022,1,3,March,Friday,10,False,2022-03,1.2363,13.0,Budget (<$7),Small,Spring,Low
VJF-46305-323,2019-01-18,68555-89840-GZ,L-D-0.5,2,Morgen Seson,msesonck@census.gov,United States,0.5,7.77,15.54,Libriac,Dark,No,Seattle,98109,United States,msesonck@census.gov,No,0,+1 (206) 642-0902,0,Lib,0.5,7.77,1.0101,2019,1,1,January,Friday,3,False,2019-01,2.0202,13.0,Standard ($7-10),Medium,Winter,Low
CXD-74176-600,2019-04-07,70624-19112-AO,E-L-0.5,4,Chickie Ragless,craglessc7@webmd.com,Ireland,0.5,8.91,35.64,Excelsa,Large,No,Caherconlish,F45,Ireland,craglessc7@webmd.com,No,0,+353 (736) 602-8469,0,Exc,0.5,8.91,0.9801,2019,2,4,April,Sunday,14,True,2019-04,3.9204,11.0,Standard ($7-10),Medium,Spring,High
ADX-50674-975,2021-02-03,58916-61837-QH,A-M-2.5,4,Freda Hollows,fhollowsc8@blogtalkradio.com,United States,2.5,25.874999999999996,103.49999999999999,Arabica,Medium,Yes,Buffalo,14205,United States,fhollowsc8@blogtalkradio.com,Yes,0,+1 (716) 632-6865,0,Ara,2.5,25.874999999999996,2.3287499999999994,2021,1,2,February,Wednesday,5,False,2021-02,9.314999999999998,9.0,Luxury (>$14),XL,Winter,Top
RRP-51647-420,2019-04-18,89292-52335-YZ,E-D-1,3,Livy Lathleiff,llathleiffc9@nationalgeographic.com,Ireland,1.0,12.15,36.45,Excelsa,Dark,Yes,Shankill,A98,Ireland,llathleiffc9@nationalgeographic.com,Yes,0,+353 (895) 566-0110,0,Exc,1.0,12.15,1.3365,2019,2,4,April,Thursday,16,False,2019-04,4.0095,11.0,Premium ($10-14),Large,Spring,High
PKJ-99134-523,2021-07-07,77284-34297-YY,R-L-0.5,5,Koralle Heads,kheadsca@jalbum.net,United States,0.5,7.169999999999999,35.849999999999994,Robusta,Large,No,Bethlehem,18018,United States,kheadsca@jalbum.net,No,0,+1 (484) 131-2636,0,Rob,0.5,7.169999999999999,0.4301999999999999,2021,3,7,July,Wednesday,27,False,2021-07,2.151,6.0,Standard ($7-10),Medium,Summer,High
FZQ-29439-457,2021-02-23,50449-80974-BZ,E-L-0.2,5,Theo Bowne,tbownecb@unicef.org,Ireland,0.2,4.455,22.275,Excelsa,Large,Yes,Watergrasshill,T56,Ireland,tbownecb@unicef.org,Yes,0,+353 (540) 432-8009,0,Exc,0.2,4.455,0.49005,2021,1,2,February,Tuesday,8,False,2021-02,2.45025,11.0,Budget (<$7),Small,Winter,Medium
USN-68115-161,2021-08-10,08120-16183-AW,E-M-0.2,6,Rasia Jacquemard,rjacquemardcc@acquirethisname.com,Ireland,0.2,4.125,24.75,Excelsa,Medium,No,Monasterevin,W34,Ireland,rjacquemardcc@acquirethisname.com,No,0,+353 (959) 389-1521,0,Exc,0.2,4.125,0.45375,2021,3,8,August,Tuesday,32,False,2021-08,2.7225,11.0,Budget (<$7),Small,Summer,Medium
IXU-20263-532,2019-11-15,68044-89277-ML,L-M-2.5,2,Kizzie Warman,kwarmancd@printfriendly.com,Ireland,2.5,33.464999999999996,66.92999999999999,Libriac,Medium,Yes,Sandyford,D04,Ireland,kwarmancd@printfriendly.com,Yes,0,UNKNOWN,1,Lib,2.5,33.464999999999996,4.3504499999999995,2019,4,11,November,Friday,46,False,2019-11,8.700899999999999,13.0,Luxury (>$14),XL,Autumn,Top
CBT-15092-420,2019-12-17,71364-35210-HS,L-M-0.5,1,Wain Cholomin,wcholomince@about.com,United Kingdom,0.5,8.73,8.73,Libriac,Medium,Yes,Birmingham,B12,United Kingdom,wcholomince@about.com,Yes,0,+44 (512) 340-9049,0,Lib,0.5,8.73,1.1349,2019,4,12,December,Tuesday,51,False,2019-12,1.1349,13.0,Standard ($7-10),Medium,Winter,Low
PKQ-46841-696,2020-03-18,37177-68797-ON,R-M-0.5,3,Arleen Braidman,abraidmancf@census.gov,United States,0.5,5.97,17.91,Robusta,Medium,No,Phoenix,85099,United States,abraidmancf@census.gov,No,0,UNKNOWN,1,Rob,0.5,5.97,0.35819999999999996,2020,1,3,March,Wednesday,12,False,2020-03,1.0745999999999998,6.0,Budget (<$7),Medium,Spring,Medium
XDU-05471-219,2022-06-06,60308-06944-GS,R-L-0.5,1,Pru Durban,pdurbancg@symantec.com,Ireland,0.5,7.169999999999999,7.169999999999999,Robusta,Large,No,Longford,N39,Ireland,pdurbancg@symantec.com,No,0,+353 (709) 884-1892,0,Rob,0.5,7.169999999999999,0.4301999999999999,2022,2,6,June,Monday,23,False,2022-06,0.4301999999999999,6.0,Standard ($7-10),Medium,Summer,Low
NID-20149-329,2021-05-20,49888-39458-PF,R-D-0.2,2,Antone Harrold,aharroldch@miibeian.gov.cn,United States,0.2,2.6849999999999996,5.369999999999999,Robusta,Dark,No,Toledo,43610,United States,aharroldch@miibeian.gov.cn,No,0,+1 (419) 153-2104,0,Rob,0.2,2.6849999999999996,0.16109999999999997,2021,2,5,May,Thursday,20,False,2021-05,0.32219999999999993,6.0,Budget (<$7),Small,Spring,Low
SVU-27222-213,2021-01-11,60748-46813-DZ,L-L-0.2,5,Sim Pamphilon,spamphilonci@mlb.com,Ireland,0.2,4.755,23.775,Libriac,Large,No,Ballylinan,P56,Ireland,spamphilonci@mlb.com,No,0,+353 (456) 630-8490,0,Lib,0.2,4.755,0.61815,2021,1,1,January,Monday,2,False,2021-01,3.09075,13.0,Budget (<$7),Small,Winter,Medium
RWI-84131-848,2019-02-22,16385-11286-NX,R-D-2.5,2,Mohandis Spurden,mspurdencj@exblog.jp,United States,2.5,20.584999999999997,41.169999999999995,Robusta,Dark,Yes,Charlotte,28210,United States,mspurdencj@exblog.jp,Yes,0,+1 (704) 256-1371,0,Rob,2.5,20.584999999999997,1.2350999999999999,2019,1,2,February,Friday,8,False,2019-02,2.4701999999999997,6.0,Luxury (>$14),XL,Winter,High
GUU-40666-525,2021-11-24,68555-89840-GZ,A-L-0.2,3,Morgen Seson,msesonck@census.gov,United States,0.2,3.885,11.655,Arabica,Large,No,Seattle,98109,United States,msesonck@census.gov,No,0,+1 (206) 642-0902,0,Ara,0.2,3.885,0.34964999999999996,2021,4,11,November,Wednesday,47,False,2021-11,1.0489499999999998,9.0,Budget (<$7),Small,Autumn,Low
SCN-51395-066,2022-01-18,72164-90254-EJ,L-L-0.5,4,Nalani Pirrone,npirronecl@weibo.com,United States,0.5,9.51,38.04,Libriac,Large,No,Wilkes Barre,18706,United States,npirronecl@weibo.com,No,0,+1 (570) 223-3194,0,Lib,0.5,9.51,1.2363,2022,1,1,January,Tuesday,3,False,2022-01,4.9452,13.0,Standard ($7-10),Medium,Winter,High
ULA-24644-321,2021-08-13,67010-92988-CT,R-D-2.5,4,Reube Cawley,rcawleycm@yellowbook.com,Ireland,2.5,20.584999999999997,82.33999999999999,Robusta,Dark,Yes,Ballyboden,D6W,Ireland,rcawleycm@yellowbook.com,Yes,0,UNKNOWN,1,Rob,2.5,20.584999999999997,1.2350999999999999,2021,3,8,August,Friday,32,False,2021-08,4.9403999999999995,6.0,Luxury (>$14),XL,Summer,Top
EOL-92666-762,2020-01-11,15776-91507-GT,L-L-0.2,2,Stan Barribal,sbarribalcn@microsoft.com,Ireland,0.2,4.755,9.51,Libriac,Large,Yes,Bagenalstown,R21,Ireland,sbarribalcn@microsoft.com,Yes,0,+353 (310) 256-3698,0,Lib,0.2,4.755,0.61815,2020,1,1,January,Saturday,2,True,2020-01,1.2363,13.0,Budget (<$7),Small,Winter,Low
AJV-18231-334,2020-07-05,23473-41001-CD,R-D-2.5,2,Agnes Adamides,aadamidesco@bizjournals.com,United Kingdom,2.5,20.584999999999997,41.169999999999995,Robusta,Dark,No,Liverpool,L74,United Kingdom,aadamidesco@bizjournals.com,No,0,+44 (131) 485-2183,0,Rob,2.5,20.584999999999997,1.2350999999999999,2020,3,7,July,Sunday,27,True,2020-07,2.4701999999999997,6.0,Luxury (>$14),XL,Summer,High
ZQI-47236-301,2019-07-25,23446-47798-ID,L-L-0.5,5,Carmelita Thowes,cthowescp@craigslist.org,United States,0.5,9.51,47.55,Libriac,Large,No,Rochester,14652,United States,cthowescp@craigslist.org,No,0,+1 (585) 785-2424,0,Lib,0.5,9.51,1.2363,2019,3,7,July,Thursday,30,False,2019-07,6.1815,13.0,Standard ($7-10),Medium,Summer,High
ZCR-15721-658,2022-05-26,28327-84469-ND,A-M-1,4,Rodolfo Willoway,rwillowaycq@admin.ch,United States,1.0,11.25,45.0,Arabica,Medium,No,Tucson,85754,United States,rwillowaycq@admin.ch,No,0,+1 (520) 126-8439,0,Ara,1.0,11.25,1.0125,2022,2,5,May,Thursday,21,False,2022-05,4.05,9.0,Premium ($10-14),Large,Spring,High
QEW-47945-682,2020-01-10,42466-87067-DT,L-L-0.2,5,Alvis Elwin,aelwincr@privacy.gov.au,United States,0.2,4.755,23.775,Libriac,Large,No,Minneapolis,55480,United States,aelwincr@privacy.gov.au,No,0,+1 (612) 244-0885,0,Lib,0.2,4.755,0.61815,2020,1,1,January,Friday,2,False,2020-01,3.09075,13.0,Budget (<$7),Small,Winter,Medium
PSY-45485-542,2019-05-17,62246-99443-HF,R-D-0.5,3,Araldo Bilbrook,abilbrookcs@booking.com,Ireland,0.5,5.369999999999999,16.11,Robusta,Dark,Yes,Ashbourne,A84,Ireland,abilbrookcs@booking.com,Yes,0,+353 (138) 323-3320,0,Rob,0.5,5.369999999999999,0.32219999999999993,2019,2,5,May,Friday,20,False,2019-05,0.9665999999999998,6.0,Budget (<$7),Medium,Spring,Medium
BAQ-74241-156,2020-07-24,99869-55718-UU,R-D-0.2,4,Ransell McKall,rmckallct@sakura.ne.jp,United Kingdom,0.2,2.6849999999999996,10.739999999999998,Robusta,Dark,Yes,Bristol,BS41,United Kingdom,rmckallct@sakura.ne.jp,Yes,0,+44 (841) 988-2775,0,Rob,0.2,2.6849999999999996,0.16109999999999997,2020,3,7,July,Friday,30,False,2020-07,0.6443999999999999,6.0,Budget (<$7),Small,Summer,Low
BVU-77367-451,2020-10-20,77421-46059-RY,A-D-1,5,Borg Daile,bdailecu@vistaprint.com,United States,1.0,9.95,49.75,Arabica,Dark,Yes,Atlanta,31119,United States,bdailecu@vistaprint.com,Yes,0,+1 (770) 330-7785,0,Ara,1.0,9.95,0.8954999999999999,2020,4,10,October,Tuesday,43,False,2020-10,4.477499999999999,9.0,Standard ($7-10),Large,Autumn,High
TJE-91516-344,2019-09-22,49894-06550-OQ,E-M-1,2,Adolphe Treherne,atrehernecv@state.tx.us,Ireland,1.0,13.75,27.5,Excelsa,Medium,No,Farranacoush,P81,Ireland,atrehernecv@state.tx.us,No,0,+353 (860) 359-7907,0,Exc,1.0,13.75,1.5125,2019,3,9,September,Sunday,38,True,2019-09,3.025,11.0,Premium ($10-14),Large,Autumn,Medium
LIS-96202-702,2020-06-07,72028-63343-SU,L-D-2.5,4,Annetta Brentnall,abrentnallcw@biglobe.ne.jp,United Kingdom,2.5,29.784999999999997,119.13999999999999,Libriac,Dark,No,East End,BH21,United Kingdom,abrentnallcw@biglobe.ne.jp,No,0,+44 (373) 897-1797,0,Lib,2.5,29.784999999999997,3.8720499999999998,2020,2,6,June,Sunday,23,True,2020-06,15.488199999999999,13.0,Luxury (>$14),XL,Summer,Top
VIO-27668-766,2019-12-15,10074-20104-NN,R-D-2.5,1,Dick Drinkall,ddrinkallcx@psu.edu,United States,2.5,20.584999999999997,20.584999999999997,Robusta,Dark,Yes,Knoxville,37939,United States,ddrinkallcx@psu.edu,Yes,0,+1 (865) 407-3871,0,Rob,2.5,20.584999999999997,1.2350999999999999,2019,4,12,December,Sunday,50,True,2019-12,1.2350999999999999,6.0,Luxury (>$14),XL,Winter,Medium
ZVG-20473-043,2020-12-06,71769-10219-IM,A-D-0.2,3,Dagny Kornel,dkornelcy@cyberchimps.com,United States,0.2,2.985,8.955,Arabica,Dark,Yes,Saginaw,48604,United States,dkornelcy@cyberchimps.com,Yes,0,+1 (989) 565-9120,0,Ara,0.2,2.985,0.26865,2020,4,12,December,Sunday,49,True,2020-12,0.8059499999999999,9.0,Budget (<$7),Small,Winter,Low
KGZ-56395-231,2021-12-06,22221-71106-JD,A-D-0.5,1,Rhona Lequeux,rlequeuxcz@newyorker.com,United States,0.5,5.97,5.97,Arabica,Dark,No,Saint Augustine,32092,United States,rlequeuxcz@newyorker.com,No,0,+1 (904) 161-6088,0,Ara,0.5,5.97,0.5373,2021,4,12,December,Monday,49,False,2021-12,0.5373,9.0,Budget (<$7),Medium,Winter,Low
CUU-92244-729,2020-07-11,99735-44927-OL,E-M-1,3,Julius Mccaull,jmccaulld0@parallels.com,United States,1.0,13.75,41.25,Excelsa,Medium,Yes,San Rafael,94913,United States,jmccaulld0@parallels.com,Yes,0,UNKNOWN,1,Exc,1.0,13.75,1.5125,2020,3,7,July,Saturday,28,True,2020-07,4.5375,11.0,Premium ($10-14),Large,Summer,High
EHE-94714-312,2021-06-28,27132-68907-RC,E-L-0.2,5,Ailey Brash,abrashda@plala.or.jp,United States,0.2,4.455,22.275,Excelsa,Large,Yes,Flushing,11388,United States,abrashda@plala.or.jp,Yes,0,+1 (917) 544-7136,0,Exc,0.2,4.455,0.49005,2021,2,6,June,Monday,26,False,2021-06,2.45025,11.0,Budget (<$7),Small,Summer,Medium
RTL-16205-161,2022-04-05,90440-62727-HI,A-M-0.5,1,Alberto Hutchinson,ahutchinsond2@imgur.com,United States,0.5,6.75,6.75,Arabica,Medium,Yes,Lawrenceville,30045,United States,ahutchinsond2@imgur.com,Yes,0,+1 (404) 775-3251,0,Ara,0.5,6.75,0.6074999999999999,2022,2,4,April,Tuesday,14,False,2022-04,0.6074999999999999,9.0,Budget (<$7),Medium,Spring,Low
DYG-25473-881,2020-02-08,10138-31681-SD,A-D-0.2,2,Roxine Drivers,rdriversd4@hexun.com,United States,0.2,2.985,5.97,Arabica,Dark,No,Shawnee Mission,66276,United States,rdriversd4@hexun.com,No,0,+1 (913) 127-4257,0,Ara,0.2,2.985,0.26865,2020,1,2,February,Saturday,6,True,2020-02,0.5373,9.0,Budget (<$7),Small,Winter,Low
HTR-21838-286,2022-02-11,24669-76297-SF,A-L-1,2,Heloise Zeal,hzeald5@google.de,United States,1.0,12.95,25.9,Arabica,Large,No,Seattle,98148,United States,hzeald5@google.de,No,0,+1 (206) 775-4468,0,Ara,1.0,12.95,1.1655,2022,1,2,February,Friday,6,False,2022-02,2.331,9.0,Premium ($10-14),Large,Winter,Medium
KYG-28296-920,2020-07-02,78050-20355-DI,E-M-2.5,1,Granger Smallcombe,gsmallcombed6@ucla.edu,Ireland,2.5,31.624999999999996,31.624999999999996,Excelsa,Medium,Yes,Kilkenny,R95,Ireland,gsmallcombed6@ucla.edu,Yes,0,+353 (374) 810-4528,0,Exc,2.5,31.624999999999996,3.47875,2020,3,7,July,Thursday,27,False,2020-07,3.47875,11.0,Luxury (>$14),XL,Summer,High
NNB-20459-430,2022-07-25,79825-17822-UH,L-M-0.2,2,Daryn Dibley,ddibleyd7@feedburner.com,United States,0.2,4.365,8.73,Libriac,Medium,No,Kissimmee,34745,United States,ddibleyd7@feedburner.com,No,0,UNKNOWN,1,Lib,0.2,4.365,0.56745,2022,3,7,July,Monday,30,False,2022-07,1.1349,13.0,Budget (<$7),Small,Summer,Low
FEK-14025-351,2021-03-19,03990-21586-MQ,E-L-0.2,6,Gardy Dimitriou,gdimitrioud8@chronoengine.com,United States,0.2,4.455,26.73,Excelsa,Large,Yes,Rochester,14683,United States,gdimitrioud8@chronoengine.com,Yes,0,+1 (585) 303-7337,0,Exc,0.2,4.455,0.49005,2021,1,3,March,Friday,11,False,2021-03,2.9402999999999997,11.0,Budget (<$7),Small,Spring,Medium
AWH-16980-469,2020-05-11,27493-46921-TZ,L-M-0.2,6,Fanny Flanagan,fflanagand9@woothemes.com,United States,0.2,4.365,26.19,Libriac,Medium,No,Tyler,75799,United States,fflanagand9@woothemes.com,No,0,+1 (903) 455-7155,0,Lib,0.2,4.365,0.56745,2020,2,5,May,Monday,20,False,2020-05,3.4047,13.0,Budget (<$7),Small,Spring,Medium
ZPW-31329-741,2019-06-08,27132-68907-RC,R-D-1,6,Ailey Brash,abrashda@plala.or.jp,United States,1.0,8.95,53.699999999999996,Robusta,Dark,Yes,Flushing,11388,United States,abrashda@plala.or.jp,Yes,0,+1 (917) 544-7136,0,Rob,1.0,8.95,0.5369999999999999,2019,2,6,June,Saturday,23,True,2019-06,3.2219999999999995,6.0,Standard ($7-10),Large,Summer,High
ZPW-31329-741,2019-06-08,27132-68907-RC,E-M-2.5,4,Ailey Brash,abrashda@plala.or.jp,United States,2.5,31.624999999999996,126.49999999999999,Excelsa,Medium,Yes,Flushing,11388,United States,abrashda@plala.or.jp,Yes,0,+1 (917) 544-7136,0,Exc,2.5,31.624999999999996,3.47875,2019,2,6,June,Saturday,23,True,2019-06,13.915,11.0,Luxury (>$14),XL,Summer,Top
ZPW-31329-741,2019-06-08,27132-68907-RC,E-M-0.2,1,Ailey Brash,abrashda@plala.or.jp,United States,0.2,4.125,4.125,Excelsa,Medium,Yes,Flushing,11388,United States,abrashda@plala.or.jp,Yes,0,+1 (917) 544-7136,0,Exc,0.2,4.125,0.45375,2019,2,6,June,Saturday,23,True,2019-06,0.45375,11.0,Budget (<$7),Small,Summer,Low
UBI-83843-396,2019-10-09,58816-74064-TF,R-L-1,2,Nanny Izhakov,nizhakovdd@aol.com,United Kingdom,1.0,11.95,23.9,Robusta,Large,No,Seaton,LE15,United Kingdom,nizhakovdd@aol.com,No,0,+44 (570) 683-9517,0,Rob,1.0,11.95,0.717,2019,4,10,October,Wednesday,41,False,2019-10,1.434,6.0,Premium ($10-14),Large,Autumn,Medium
VID-40587-569,2021-02-20,09818-59895-EH,E-D-2.5,5,Stanly Keets,skeetsde@answers.com,United States,2.5,27.945,139.725,Excelsa,Dark,Yes,Alexandria,22309,United States,skeetsde@answers.com,Yes,0,+1 (703) 230-2979,0,Exc,2.5,27.945,3.07395,2021,1,2,February,Saturday,7,True,2021-02,15.36975,11.0,Luxury (>$14),XL,Winter,Top
ISJ-48676-420,2021-10-10,93046-67561-AY,L-L-0.5,6,Keefer Cake,kcakedg@huffingtonpost.com,United States,0.5,9.51,57.06,Libriac,Large,No,San Jose,95108,United States,kcakedg@huffingtonpost.com,No,0,UNKNOWN,1,Lib,0.5,9.51,1.2363,2021,4,10,October,Sunday,40,True,2021-10,7.4178,13.0,Standard ($7-10),Medium,Autumn,High
MIF-17920-768,2021-08-05,68946-40750-LK,R-L-0.2,6,Morna Hansed,mhanseddh@instagram.com,Ireland,0.2,3.5849999999999995,21.509999999999998,Robusta,Large,Yes,Tr谩 Mh贸r,R93,Ireland,mhanseddh@instagram.com,Yes,0,+353 (997) 520-7802,0,Rob,0.2,3.5849999999999995,0.21509999999999996,2021,3,8,August,Thursday,31,False,2021-08,1.2905999999999997,6.0,Budget (<$7),Small,Summer,Medium
CPX-19312-088,2020-07-31,38387-64959-WW,L-M-0.5,6,Franny Kienlein,fkienleindi@trellian.com,Ireland,0.5,8.73,52.38,Libriac,Medium,Yes,Coolock,D17,Ireland,fkienleindi@trellian.com,Yes,0,+353 (972) 241-3434,0,Lib,0.5,8.73,1.1349,2020,3,7,July,Friday,31,False,2020-07,6.8094,13.0,Standard ($7-10),Medium,Summer,High
RXI-67978-260,2020-09-19,48418-60841-CC,E-D-1,6,Klarika Egglestone,kegglestonedj@sphinn.com,Ireland,1.0,12.15,72.9,Excelsa,Dark,No,Coolock,D17,Ireland,kegglestonedj@sphinn.com,No,0,+353 (452) 975-6438,0,Exc,1.0,12.15,1.3365,2020,3,9,September,Saturday,38,True,2020-09,8.019,11.0,Premium ($10-14),Large,Autumn,Top
LKE-14821-285,2020-05-03,13736-92418-JS,R-M-0.2,5,Becky Semkins,bsemkinsdk@unc.edu,Ireland,0.2,2.985,14.924999999999999,Robusta,Medium,Yes,Kinnegad,R32,Ireland,bsemkinsdk@unc.edu,Yes,0,+353 (209) 764-2690,0,Rob,0.2,2.985,0.17909999999999998,2020,2,5,May,Sunday,18,True,2020-05,0.8955,6.0,Budget (<$7),Small,Spring,Low
LRK-97117-150,2019-07-08,33000-22405-LO,L-L-1,6,Sean Lorenzetti,slorenzettidl@is.gd,United States,1.0,15.85,95.1,Libriac,Large,No,El Paso,79945,United States,slorenzettidl@is.gd,No,0,+1 (915) 581-0694,0,Lib,1.0,15.85,2.0605,2019,3,7,July,Monday,28,False,2019-07,12.363000000000001,13.0,Luxury (>$14),Large,Summer,Top
IGK-51227-573,2019-10-26,46959-60474-LT,L-D-0.5,2,Bob Giannazzi,bgiannazzidm@apple.com,United States,0.5,7.77,15.54,Libriac,Dark,No,Fort Lauderdale,33355,United States,bgiannazzidm@apple.com,No,0,+1 (754) 827-8970,0,Lib,0.5,7.77,1.0101,2019,4,10,October,Saturday,43,True,2019-10,2.0202,13.0,Standard ($7-10),Medium,Autumn,Low
EMA-63190-618,2022-02-28,90993-98984-JK,E-M-0.2,1,Uriah Lethbrig,ulethbrigdo@hc360.com,United States,0.2,4.125,4.125,Excelsa,Medium,Yes,Milwaukee,53234,United States,ulethbrigdo@hc360.com,Yes,0,+1 (414) 580-9714,0,Exc,0.2,4.125,0.45375,2022,1,2,February,Monday,9,False,2022-02,0.45375,11.0,Budget (<$7),Small,Winter,Low
FBI-35855-418,2020-09-16,06552-04430-AG,R-M-0.5,6,Sky Farnish,sfarnishdp@dmoz.org,United Kingdom,0.5,5.97,35.82,Robusta,Medium,No,Eaton,DN22,United Kingdom,sfarnishdp@dmoz.org,No,0,+44 (847) 377-8172,0,Rob,0.5,5.97,0.35819999999999996,2020,3,9,September,Wednesday,38,False,2020-09,2.1491999999999996,6.0,Budget (<$7),Medium,Autumn,High
TXB-80533-417,2020-10-28,54597-57004-QM,L-L-1,2,Felicia Jecock,fjecockdq@unicef.org,United States,1.0,15.85,31.7,Libriac,Large,No,Baton Rouge,70836,United States,fjecockdq@unicef.org,No,0,+1 (225) 116-2959,0,Lib,1.0,15.85,2.0605,2020,4,10,October,Wednesday,44,False,2020-10,4.121,13.0,Luxury (>$14),Large,Autumn,High
EUO-69145-988,2021-08-30,60370-41934-IF,E-D-0.2,3,Hamlen Pallister,hpallisterds@ning.com,United States,0.2,3.645,10.935,Excelsa,Dark,No,Pensacola,32590,United States,hpallisterds@ning.com,No,0,+1 (850) 517-1353,0,Exc,0.2,3.645,0.40095000000000003,2021,3,8,August,Monday,35,False,2021-08,1.2028500000000002,11.0,Budget (<$7),Small,Summer,Low
GYA-80327-368,2021-06-04,06899-54551-EH,A-D-1,4,Chantal Mersh,cmershdt@drupal.org,Ireland,1.0,9.95,39.8,Arabica,Dark,No,Milltown,D04,Ireland,cmershdt@drupal.org,No,0,+353 (343) 889-4565,0,Ara,1.0,9.95,0.8954999999999999,2021,2,6,June,Friday,22,False,2021-06,3.5819999999999994,9.0,Standard ($7-10),Large,Summer,High
TNW-41601-420,2020-11-24,66458-91190-YC,R-M-1,5,Marja Urion,murione5@alexa.com,Ireland,1.0,9.95,49.75,Robusta,Medium,Yes,Virginia,D18,Ireland,murione5@alexa.com,Yes,0,+353 (715) 989-0283,0,Rob,1.0,9.95,0.597,2020,4,11,November,Tuesday,48,False,2020-11,2.985,6.0,Standard ($7-10),Large,Autumn,High
CTE-31437-326,2019-01-02,22721-63196-UJ,R-M-0.2,4,Gladi Ducker,gduckerdx@patch.com,United Kingdom,0.2,2.985,11.94,Robusta,Medium,No,Belfast,BT2,United Kingdom,gduckerdx@patch.com,No,0,+44 (749) 987-9016,0,Rob,0.2,2.985,0.17909999999999998,2019,1,1,January,Wednesday,1,False,2019-01,0.7163999999999999,6.0,Budget (<$7),Small,Winter,Low
CTE-31437-326,2019-01-02,22721-63196-UJ,E-M-0.2,4,Gladi Ducker,gduckerdx@patch.com,United Kingdom,0.2,4.125,16.5,Excelsa,Medium,No,Belfast,BT2,United Kingdom,gduckerdx@patch.com,No,0,+44 (749) 987-9016,0,Exc,0.2,4.125,0.45375,2019,1,1,January,Wednesday,1,False,2019-01,1.815,11.0,Budget (<$7),Small,Winter,Medium
CTE-31437-326,2019-01-02,22721-63196-UJ,L-D-1,4,Gladi Ducker,gduckerdx@patch.com,United Kingdom,1.0,12.95,51.8,Libriac,Dark,No,Belfast,BT2,United Kingdom,gduckerdx@patch.com,No,0,+44 (749) 987-9016,0,Lib,1.0,12.95,1.6835,2019,1,1,January,Wednesday,1,False,2019-01,6.734,13.0,Premium ($10-14),Large,Winter,High
CTE-31437-326,2019-01-02,22721-63196-UJ,L-L-0.2,3,Gladi Ducker,gduckerdx@patch.com,United Kingdom,0.2,4.755,14.265,Libriac,Large,No,Belfast,BT2,United Kingdom,gduckerdx@patch.com,No,0,+44 (749) 987-9016,0,Lib,0.2,4.755,0.61815,2019,1,1,January,Wednesday,1,False,2019-01,1.85445,13.0,Budget (<$7),Small,Winter,Low
SLD-63003-334,2022-02-17,55515-37571-RS,L-M-0.2,6,Wain Stearley,wstearleye1@census.gov,United States,0.2,4.365,26.19,Libriac,Medium,No,High Point,27264,United States,wstearleye1@census.gov,No,0,+1 (336) 213-3687,0,Lib,0.2,4.365,0.56745,2022,1,2,February,Thursday,7,False,2022-02,3.4047,13.0,Budget (<$7),Small,Winter,Medium
BXN-64230-789,2020-12-19,25598-77476-CB,A-L-1,2,Diane-marie Wincer,dwincere2@marriott.com,United States,1.0,12.95,25.9,Arabica,Large,Yes,El Paso,88546,United States,dwincere2@marriott.com,Yes,0,+1 (915) 676-6367,0,Ara,1.0,12.95,1.1655,2020,4,12,December,Saturday,51,True,2020-12,2.331,9.0,Premium ($10-14),Large,Winter,Medium
XEE-37895-169,2019-02-20,14888-85625-TM,A-L-2.5,3,Perry Lyfield,plyfielde3@baidu.com,United States,2.5,29.784999999999997,89.35499999999999,Arabica,Large,Yes,Cleveland,44185,United States,plyfielde3@baidu.com,Yes,0,+1 (216) 614-9325,0,Ara,2.5,29.784999999999997,2.6806499999999995,2019,1,2,February,Wednesday,8,False,2019-02,8.041949999999998,9.0,Luxury (>$14),XL,Winter,Top
ZTX-80764-911,2021-01-14,92793-68332-NR,L-D-0.5,6,Heall Perris,hperrise4@studiopress.com,Ireland,0.5,7.77,46.62,Libriac,Dark,No,Ballymahon,F52,Ireland,hperrise4@studiopress.com,No,0,+353 (954) 293-8675,0,Lib,0.5,7.77,1.0101,2021,1,1,January,Thursday,2,False,2021-01,6.0606,13.0,Standard ($7-10),Medium,Winter,High
WVT-88135-549,2019-11-16,66458-91190-YC,A-D-1,3,Marja Urion,murione5@alexa.com,Ireland,1.0,9.95,29.849999999999998,Arabica,Dark,Yes,Virginia,D18,Ireland,murione5@alexa.com,Yes,0,+353 (715) 989-0283,0,Ara,1.0,9.95,0.8954999999999999,2019,4,11,November,Saturday,46,True,2019-11,2.6864999999999997,9.0,Standard ($7-10),Large,Autumn,High
IPA-94170-889,2019-12-04,64439-27325-LG,R-L-0.2,3,Camellia Kid,ckide6@narod.ru,Ireland,0.2,3.5849999999999995,10.754999999999999,Robusta,Large,Yes,Whitegate,D15,Ireland,ckide6@narod.ru,Yes,0,+353 (866) 707-2603,0,Rob,0.2,3.5849999999999995,0.21509999999999996,2019,4,12,December,Wednesday,49,False,2019-12,0.6452999999999999,6.0,Budget (<$7),Small,Winter,Low
YQL-63755-365,2020-07-31,78570-76770-LB,A-M-0.2,4,Carolann Beine,cbeinee7@xinhuanet.com,United States,0.2,3.375,13.5,Arabica,Medium,Yes,Birmingham,35244,United States,cbeinee7@xinhuanet.com,Yes,0,+1 (205) 468-0236,0,Ara,0.2,3.375,0.30374999999999996,2020,3,7,July,Friday,31,False,2020-07,1.2149999999999999,9.0,Budget (<$7),Small,Summer,Low
RKW-81145-984,2019-03-11,98661-69719-VI,L-L-1,3,Celia Bakeup,cbakeupe8@globo.com,United States,1.0,15.85,47.55,Libriac,Large,No,Saint Cloud,56372,United States,cbakeupe8@globo.com,No,0,+1 (320) 375-8504,0,Lib,1.0,15.85,2.0605,2019,1,3,March,Monday,11,False,2019-03,6.181500000000001,13.0,Luxury (>$14),Large,Spring,High
MBT-23379-866,2022-05-10,82990-92703-IX,L-L-1,5,Nataniel Helkin,nhelkine9@example.com,United States,1.0,15.85,79.25,Libriac,Large,No,Philadelphia,19191,United States,nhelkine9@example.com,No,0,UNKNOWN,1,Lib,1.0,15.85,2.0605,2022,2,5,May,Tuesday,19,False,2022-05,10.302500000000002,13.0,Luxury (>$14),Large,Spring,Top
GEJ-39834-935,2021-12-25,49412-86877-VY,L-M-0.2,6,Pippo Witherington,pwitheringtonea@networkadvertising.org,United States,0.2,4.365,26.19,Libriac,Medium,Yes,Detroit,48211,United States,pwitheringtonea@networkadvertising.org,Yes,0,+1 (810) 202-8870,0,Lib,0.2,4.365,0.56745,2021,4,12,December,Saturday,51,True,2021-12,3.4047,13.0,Budget (<$7),Small,Winter,Medium
KRW-91640-596,2022-04-22,70879-00984-FJ,R-L-0.5,3,Tildie Tilzey,ttilzeyeb@hostgator.com,United States,0.5,7.169999999999999,21.509999999999998,Robusta,Large,No,Saint Louis,63180,United States,ttilzeyeb@hostgator.com,No,0,+1 (314) 876-7205,0,Rob,0.5,7.169999999999999,0.4301999999999999,2022,2,4,April,Friday,16,False,2022-04,1.2905999999999997,6.0,Standard ($7-10),Medium,Spring,Medium
JBE-92943-643,2020-12-29,84466-22864-CE,E-D-2.5,5,Karl Imorts,kimortsee@alexa.com,United States,2.5,27.945,139.725,Excelsa,Dark,No,Melbourne,32941,United States,kimortsee@alexa.com,No,0,+1 (321) 156-1160,0,Exc,2.5,27.945,3.07395,2020,4,12,December,Tuesday,53,False,2020-12,15.36975,11.0,Luxury (>$14),XL,Winter,Top
ZIL-34948-499,2020-07-14,66458-91190-YC,A-D-0.5,2,Marja Urion,murione5@alexa.com,Ireland,0.5,5.97,11.94,Arabica,Dark,Yes,Virginia,D18,Ireland,murione5@alexa.com,Yes,0,+353 (715) 989-0283,0,Ara,0.5,5.97,0.5373,2020,3,7,July,Tuesday,29,False,2020-07,1.0746,9.0,Budget (<$7),Medium,Summer,Low
JSU-23781-256,2021-09-07,76499-89100-JQ,L-D-0.2,1,Mag Armistead,marmisteadeg@blogtalkradio.com,United States,0.2,3.885,3.885,Libriac,Dark,No,New Orleans,70179,United States,marmisteadeg@blogtalkradio.com,No,0,+1 (504) 611-3400,0,Lib,0.2,3.885,0.50505,2021,3,9,September,Tuesday,36,False,2021-09,0.50505,13.0,Budget (<$7),Small,Autumn,Low
JSU-23781-256,2021-09-07,76499-89100-JQ,R-M-1,4,Mag Armistead,marmisteadeg@blogtalkradio.com,United States,1.0,9.95,39.8,Robusta,Medium,No,New Orleans,70179,United States,marmisteadeg@blogtalkradio.com,No,0,+1 (504) 611-3400,0,Rob,1.0,9.95,0.597,2021,3,9,September,Tuesday,36,False,2021-09,2.388,6.0,Standard ($7-10),Large,Autumn,High
VPX-44956-367,2019-06-09,39582-35773-ZJ,R-M-0.5,5,Vasili Upstone,vupstoneei@google.pl,United States,0.5,5.97,29.849999999999998,Robusta,Medium,No,Topeka,66617,United States,vupstoneei@google.pl,No,0,+1 (785) 366-9983,0,Rob,0.5,5.97,0.35819999999999996,2019,2,6,June,Sunday,23,True,2019-06,1.791,6.0,Budget (<$7),Medium,Summer,High
VTB-46451-959,2020-10-25,66240-46962-IO,L-D-2.5,1,Berty Beelby,bbeelbyej@rediff.com,Ireland,2.5,29.784999999999997,29.784999999999997,Libriac,Dark,No,Lucan,K78,Ireland,bbeelbyej@rediff.com,No,0,+353 (537) 360-4393,0,Lib,2.5,29.784999999999997,3.8720499999999998,2020,4,10,October,Sunday,43,True,2020-10,3.8720499999999998,13.0,Luxury (>$14),XL,Autumn,High
YDS-02797-307,2022-06-05,06058-48844-PI,E-M-2.5,4,Webb Speechly,wspeechlyem@amazon.com,United States,2.5,31.624999999999996,126.49999999999999,Excelsa,Medium,Yes,Seattle,98185,United States,wspeechlyem@amazon.com,Yes,0,+1 (206) 440-5750,0,Exc,2.5,31.624999999999996,3.47875,2022,2,6,June,Sunday,22,True,2022-06,13.915,11.0,Luxury (>$14),XL,Summer,Top
BPG-68988-842,2019-02-21,53631-24432-SY,E-M-0.5,5,Irvine Phillpot,iphillpoten@buzzfeed.com,United Kingdom,0.5,8.25,41.25,Excelsa,Medium,No,Wootton,NN4,United Kingdom,iphillpoten@buzzfeed.com,No,0,+44 (610) 826-3107,0,Exc,0.5,8.25,0.9075,2019,1,2,February,Thursday,8,False,2019-02,4.5375,11.0,Standard ($7-10),Medium,Winter,High
XZG-51938-658,2020-04-05,18275-73980-KL,E-L-0.5,6,Lem Pennacci,lpennaccieo@statcounter.com,United States,0.5,8.91,53.46,Excelsa,Large,No,Waco,76711,United States,lpennaccieo@statcounter.com,No,0,+1 (254) 597-0519,0,Exc,0.5,8.91,0.9801,2020,2,4,April,Sunday,14,True,2020-04,5.880599999999999,11.0,Standard ($7-10),Medium,Spring,High
KAR-24978-271,2019-01-10,23187-65750-HZ,R-M-1,6,Starr Arpin,sarpinep@moonfruit.com,United States,1.0,9.95,59.699999999999996,Robusta,Medium,No,Richmond,23242,United States,sarpinep@moonfruit.com,No,0,+1 (804) 588-4160,0,Rob,1.0,9.95,0.597,2019,1,1,January,Thursday,2,False,2019-01,3.582,6.0,Standard ($7-10),Large,Winter,Top
FQK-28730-361,2022-04-12,22725-79522-GP,R-M-1,6,Donny Fries,dfrieseq@cargocollective.com,United States,1.0,9.95,59.699999999999996,Robusta,Medium,No,Toledo,43610,United States,dfrieseq@cargocollective.com,No,0,+1 (419) 138-9171,0,Rob,1.0,9.95,0.597,2022,2,4,April,Tuesday,15,False,2022-04,3.582,6.0,Standard ($7-10),Large,Spring,Top
BGB-67996-089,2022-01-30,06279-72603-JE,R-D-1,5,Rana Sharer,rsharerer@flavors.me,United States,1.0,8.95,44.75,Robusta,Dark,No,Huntington,25705,United States,rsharerer@flavors.me,No,0,+1 (304) 632-1951,0,Rob,1.0,8.95,0.5369999999999999,2022,1,1,January,Sunday,4,True,2022-01,2.6849999999999996,6.0,Standard ($7-10),Large,Winter,High
XMC-20620-809,2021-05-14,83543-79246-ON,E-M-0.5,2,Nannie Naseby,nnasebyes@umich.edu,United States,0.5,8.25,16.5,Excelsa,Medium,Yes,Winter Haven,33884,United States,nnasebyes@umich.edu,Yes,0,+1 (407) 225-7234,0,Exc,0.5,8.25,0.9075,2021,2,5,May,Friday,19,False,2021-05,1.815,11.0,Standard ($7-10),Medium,Spring,Medium
LWJ-06793-303,2022-01-02,95424-67020-AP,R-M-2.5,2,Kris O'Cullen,koculleneu@ca.gov,Ireland,2.5,22.884999999999998,45.769999999999996,Robusta,Medium,Yes,Adare,H54,Ireland,koculleneu@ca.gov,Yes,0,+353 (284) 183-7528,0,Rob,2.5,22.884999999999998,1.3730999999999998,2022,1,1,January,Sunday,52,True,2022-01,2.7461999999999995,6.0,Luxury (>$14),XL,Winter,High
CPV-90280-133,2019-03-20,66458-91190-YC,R-D-0.2,3,Marja Urion,murione5@alexa.com,Ireland,0.2,2.6849999999999996,8.055,Robusta,Dark,Yes,Virginia,D18,Ireland,murione5@alexa.com,Yes,0,+353 (715) 989-0283,0,Rob,0.2,2.6849999999999996,0.16109999999999997,2019,1,3,March,Wednesday,12,False,2019-03,0.4832999999999999,6.0,Budget (<$7),Small,Spring,Low
OGW-60685-912,2020-11-21,67423-10113-LM,E-D-2.5,4,Hildegarde Brangan,hbranganex@woothemes.com,United States,2.5,27.945,111.78,Excelsa,Dark,Yes,Evansville,47747,United States,hbranganex@woothemes.com,Yes,0,UNKNOWN,1,Exc,2.5,27.945,3.07395,2020,4,11,November,Saturday,47,True,2020-11,12.2958,11.0,Luxury (>$14),XL,Autumn,Top
DEC-11160-362,2021-10-13,48582-05061-RY,R-D-0.2,4,Amii Gallyon,agallyoney@engadget.com,United States,0.2,2.6849999999999996,10.739999999999998,Robusta,Dark,Yes,Naperville,60567,United States,agallyoney@engadget.com,Yes,0,UNKNOWN,1,Rob,0.2,2.6849999999999996,0.16109999999999997,2021,4,10,October,Wednesday,41,False,2021-10,0.6443999999999999,6.0,Budget (<$7),Small,Autumn,Low
WCT-07869-499,2021-10-19,32031-49093-KE,R-D-0.5,5,Birgit Domange,bdomangeez@yahoo.co.jp,United States,0.5,5.369999999999999,26.849999999999994,Robusta,Dark,No,Charleston,29424,United States,bdomangeez@yahoo.co.jp,No,0,UNKNOWN,1,Rob,0.5,5.369999999999999,0.32219999999999993,2021,4,10,October,Tuesday,42,False,2021-10,1.6109999999999998,6.0,Budget (<$7),Medium,Autumn,Medium
FHD-89872-325,2019-04-29,31715-98714-OO,L-L-1,4,Killian Osler,koslerf0@gmpg.org,United States,1.0,15.85,63.4,Libriac,Large,Yes,Lansing,48930,United States,koslerf0@gmpg.org,Yes,0,+1 (517) 647-5356,0,Lib,1.0,15.85,2.0605,2019,2,4,April,Monday,18,False,2019-04,8.242,13.0,Luxury (>$14),Large,Spring,Top
MDG-14481-513,2021-05-19,64897-79178-MH,A-M-2.5,4,Zack Pellett,zpellettf2@dailymotion.com,United States,2.5,25.874999999999996,103.49999999999999,Arabica,Medium,No,Shreveport,71115,United States,zpellettf2@dailymotion.com,No,0,+1 (318) 218-5955,0,Ara,2.5,25.874999999999996,2.3287499999999994,2021,2,5,May,Wednesday,20,False,2021-05,9.314999999999998,9.0,Luxury (>$14),XL,Spring,Top
OFN-49424-848,2021-07-03,73346-85564-JB,R-L-2.5,2,Ilaire Sprakes,isprakesf3@spiegel.de,United States,2.5,27.484999999999996,54.96999999999999,Robusta,Large,No,San Jose,95194,United States,isprakesf3@spiegel.de,No,0,+1 (408) 319-9787,0,Rob,2.5,27.484999999999996,1.6490999999999998,2021,3,7,July,Saturday,26,True,2021-07,3.2981999999999996,6.0,Luxury (>$14),XL,Summer,High
NFA-03411-746,2020-02-08,07476-13102-NJ,A-L-0.5,2,Heda Fromant,hfromantf4@ucsd.edu,United States,0.5,7.77,15.54,Arabica,Large,No,Philadelphia,19104,United States,hfromantf4@ucsd.edu,No,0,+1 (610) 156-1700,0,Ara,0.5,7.77,0.6992999999999999,2020,1,2,February,Saturday,6,True,2020-02,1.3985999999999998,9.0,Standard ($7-10),Medium,Winter,Low
CYM-74988-450,2020-10-16,87223-37422-SK,L-D-0.2,4,Rufus Flear,rflearf5@artisteer.com,United Kingdom,0.2,3.885,15.54,Libriac,Dark,No,Sheffield,S33,United Kingdom,rflearf5@artisteer.com,No,0,+44 (271) 881-4912,0,Lib,0.2,3.885,0.50505,2020,4,10,October,Friday,42,False,2020-10,2.0202,13.0,Budget (<$7),Small,Autumn,Low
DSL-69915-544,2021-03-10,10142-55267-YO,R-L-0.2,3,Wilek Lightollers,wlightollersf9@baidu.com,United States,0.2,3.5849999999999995,10.754999999999999,Robusta,Large,Yes,New York City,10060,United States,wlightollersf9@baidu.com,Yes,0,+1 (646) 793-8756,0,Rob,0.2,3.5849999999999995,0.21509999999999996,2021,1,3,March,Wednesday,10,False,2021-03,0.6452999999999999,6.0,Budget (<$7),Small,Spring,Low
NBT-35757-542,2021-07-07,73647-66148-VM,E-L-0.2,3,Bette-ann Munden,bmundenf8@elpais.com,United States,0.2,4.455,13.365,Excelsa,Large,Yes,Oklahoma City,73119,United States,bmundenf8@elpais.com,Yes,0,+1 (405) 290-3207,0,Exc,0.2,4.455,0.49005,2021,3,7,July,Wednesday,27,False,2021-07,1.4701499999999998,11.0,Budget (<$7),Small,Summer,Low
OYU-25085-528,2021-02-05,10142-55267-YO,E-L-0.2,4,Wilek Lightollers,wlightollersf9@baidu.com,United States,0.2,4.455,17.82,Excelsa,Large,Yes,New York City,10060,United States,wlightollersf9@baidu.com,Yes,0,+1 (646) 793-8756,0,Exc,0.2,4.455,0.49005,2021,1,2,February,Friday,5,False,2021-02,1.9602,11.0,Budget (<$7),Small,Winter,Medium
XCG-07109-195,2020-12-11,92976-19453-DT,L-D-0.2,6,Nick Brakespear,nbrakespearfa@rediff.com,United States,0.2,3.885,23.31,Libriac,Dark,Yes,Newark,7112,United States,nbrakespearfa@rediff.com,Yes,0,+1 (973) 380-3976,0,Lib,0.2,3.885,0.50505,2020,4,12,December,Friday,50,False,2020-12,3.0303,13.0,Budget (<$7),Small,Winter,Medium
YZA-25234-630,2022-05-13,89757-51438-HX,E-D-0.2,2,Malynda Glawsop,mglawsopfb@reverbnation.com,United States,0.2,3.645,7.29,Excelsa,Dark,No,New Haven,6510,United States,mglawsopfb@reverbnation.com,No,0,+1 (203) 608-9937,0,Exc,0.2,3.645,0.40095000000000003,2022,2,5,May,Friday,19,False,2022-05,0.8019000000000001,11.0,Budget (<$7),Small,Spring,Low
OKU-29966-417,2019-10-23,76192-13390-HZ,E-L-0.2,4,Granville Alberts,galbertsfc@etsy.com,United Kingdom,0.2,4.455,17.82,Excelsa,Large,Yes,Belfast,BT2,United Kingdom,galbertsfc@etsy.com,Yes,0,+44 (788) 686-0408,0,Exc,0.2,4.455,0.49005,2019,4,10,October,Wednesday,43,False,2019-10,1.9602,11.0,Budget (<$7),Small,Autumn,Medium
MEX-29350-659,2020-09-11,02009-87294-SY,E-M-1,5,Vasily Polglase,vpolglasefd@about.me,United States,1.0,13.75,68.75,Excelsa,Medium,No,Toledo,43610,United States,vpolglasefd@about.me,No,0,UNKNOWN,1,Exc,1.0,13.75,1.5125,2020,3,9,September,Friday,37,False,2020-09,7.5625,11.0,Premium ($10-14),Large,Autumn,Top
TCR-01064-030,2021-03-03,13181-04387-LI,E-M-1,6,Sigfrid Busch,sbuschff@so-net.ne.jp,Ireland,1.0,13.75,82.5,Excelsa,Medium,No,Bantry,P75,Ireland,sbuschff@so-net.ne.jp,No,0,+353 (953) 333-8754,0,Exc,1.0,13.75,1.5125,2021,1,3,March,Wednesday,9,False,2021-03,9.075,11.0,Premium ($10-14),Large,Spring,Top
YUL-42750-776,2021-11-23,24845-36117-TI,L-M-0.2,2,Cissiee Raisbeck,craisbeckfg@webnode.com,United States,0.2,4.365,8.73,Libriac,Medium,Yes,Shreveport,71161,United States,craisbeckfg@webnode.com,Yes,0,UNKNOWN,1,Lib,0.2,4.365,0.56745,2021,4,11,November,Tuesday,47,False,2021-11,1.1349,13.0,Budget (<$7),Small,Autumn,Low
XQJ-86887-506,2021-11-06,66458-91190-YC,E-L-1,4,Marja Urion,murione5@alexa.com,Ireland,1.0,14.85,59.4,Excelsa,Large,Yes,Virginia,D18,Ireland,murione5@alexa.com,Yes,0,+353 (715) 989-0283,0,Exc,1.0,14.85,1.6335,2021,4,11,November,Saturday,44,True,2021-11,6.534,11.0,Luxury (>$14),Large,Autumn,Top
ICC-73030-502,2022-04-16,59480-02795-IU,A-L-1,3,Reamonn Aynold,raynoldfj@ustream.tv,United States,1.0,12.95,38.849999999999994,Arabica,Large,Yes,Milwaukee,53263,United States,raynoldfj@ustream.tv,Yes,0,+1 (414) 429-0919,0,Ara,1.0,12.95,1.1655,2022,2,4,April,Saturday,15,True,2022-04,3.4965,9.0,Premium ($10-14),Large,Spring,High
VSQ-07182-513,2019-07-23,18366-65239-WF,L-L-0.2,6,Brendan Grece,bgrecefm@naver.com,United Kingdom,0.2,4.755,28.53,Libriac,Large,No,Halton,LS9,United Kingdom,bgrecefm@naver.com,No,0,+44 (933) 508-3795,0,Lib,0.2,4.755,0.61815,2019,3,7,July,Tuesday,30,False,2019-07,3.7089,13.0,Budget (<$7),Small,Summer,Medium
SPF-31673-217,2020-06-09,19485-98072-PS,E-M-1,6,Don Flintiff,dflintiffg1@e-recht24.de,United Kingdom,1.0,13.75,82.5,Excelsa,Medium,No,London,WC1B,United Kingdom,dflintiffg1@e-recht24.de,No,0,UNKNOWN,1,Exc,1.0,13.75,1.5125,2020,2,6,June,Tuesday,24,False,2020-06,9.075,11.0,Premium ($10-14),Large,Summer,Top
NEX-63825-598,2020-02-22,72072-33025-SD,R-L-0.5,2,Abbe Thys,athysfo@cdc.gov,United States,0.5,7.169999999999999,14.339999999999998,Robusta,Large,No,Knoxville,37924,United States,athysfo@cdc.gov,No,0,+1 (865) 217-6208,0,Rob,0.5,7.169999999999999,0.4301999999999999,2020,1,2,February,Saturday,8,True,2020-02,0.8603999999999998,6.0,Standard ($7-10),Medium,Winter,Low
XPG-66112-335,2020-07-19,58118-22461-GC,R-D-2.5,4,Jackquelin Chugg,jchuggfp@about.me,United States,2.5,20.584999999999997,82.33999999999999,Robusta,Dark,No,Shawnee Mission,66225,United States,jchuggfp@about.me,No,0,+1 (913) 466-8319,0,Rob,2.5,20.584999999999997,1.2350999999999999,2020,3,7,July,Sunday,29,True,2020-07,4.9403999999999995,6.0,Luxury (>$14),XL,Summer,Top
NSQ-72210-345,2021-09-20,90940-63327-DJ,A-M-0.2,6,Audra Kelston,akelstonfq@sakura.ne.jp,United States,0.2,3.375,20.25,Arabica,Medium,Yes,Fort Lauderdale,33330,United States,akelstonfq@sakura.ne.jp,Yes,0,+1 (954) 981-8804,0,Ara,0.2,3.375,0.30374999999999996,2021,3,9,September,Monday,38,False,2021-09,1.8224999999999998,9.0,Budget (<$7),Small,Autumn,Medium
WHQ-25197-475,2021-11-26,27536-28463-NJ,L-L-0.2,4,Claiborne Mottram,cmottramfs@harvard.edu,United States,0.2,4.755,19.02,Libriac,Large,Yes,Austin,78715,United States,cmottramfs@harvard.edu,Yes,0,+1 (512) 333-9861,0,Lib,0.2,4.755,0.61815,2021,4,11,November,Friday,47,False,2021-11,2.4726,13.0,Budget (<$7),Small,Autumn,Medium
HMB-30634-745,2020-02-18,19485-98072-PS,A-D-2.5,6,Don Flintiff,dflintiffg1@e-recht24.de,United Kingdom,2.5,22.884999999999998,137.31,Arabica,Dark,No,London,WC1B,United Kingdom,dflintiffg1@e-recht24.de,No,0,UNKNOWN,1,Ara,2.5,22.884999999999998,2.0596499999999995,2020,1,2,February,Tuesday,8,False,2020-02,12.357899999999997,9.0,Luxury (>$14),XL,Winter,Top
XTL-68000-371,2020-04-07,70140-82812-KD,A-M-0.5,4,Donalt Sangwin,dsangwinfu@weebly.com,United States,0.5,6.75,27.0,Arabica,Medium,No,Hyattsville,20784,United States,dsangwinfu@weebly.com,No,0,+1 (301) 879-4079,0,Ara,0.5,6.75,0.6074999999999999,2020,2,4,April,Tuesday,15,False,2020-04,2.4299999999999997,9.0,Budget (<$7),Medium,Spring,Medium
YES-51109-625,2022-01-31,91895-55605-LS,E-L-0.5,4,Elizabet Aizikowitz,eaizikowitzfv@virginia.edu,United Kingdom,0.5,8.91,35.64,Excelsa,Large,No,Ashley,SN13,United Kingdom,eaizikowitzfv@virginia.edu,No,0,+44 (148) 635-3706,0,Exc,0.5,8.91,0.9801,2022,1,1,January,Monday,5,False,2022-01,3.9204,11.0,Standard ($7-10),Medium,Winter,High
IOQ-84840-827,2019-11-12,32038-81174-JF,A-M-1,6,Cornie Venour,cvenourfx@ask.com,United States,1.0,11.25,67.5,Arabica,Medium,No,Shreveport,71161,United States,cvenourfx@ask.com,No,0,+1 (318) 578-8039,0,Ara,1.0,11.25,1.0125,2019,4,11,November,Tuesday,46,False,2019-11,6.074999999999999,9.0,Premium ($10-14),Large,Autumn,Top
FBD-56220-430,2022-05-16,59205-20324-NB,R-L-0.2,6,Maggy Harby,mharbyfy@163.com,United States,0.2,3.5849999999999995,21.509999999999998,Robusta,Large,Yes,Pensacola,32590,United States,mharbyfy@163.com,Yes,0,UNKNOWN,1,Rob,0.2,3.5849999999999995,0.21509999999999996,2022,2,5,May,Monday,20,False,2022-05,1.2905999999999997,6.0,Budget (<$7),Small,Spring,Medium
COV-52659-202,2021-02-12,99899-54612-NX,L-M-2.5,2,Reggie Thickpenny,rthickpennyfz@cafepress.com,United States,2.5,33.464999999999996,66.92999999999999,Libriac,Medium,No,Los Angeles,90035,United States,rthickpennyfz@cafepress.com,No,0,+1 (213) 234-9242,0,Lib,2.5,33.464999999999996,4.3504499999999995,2021,1,2,February,Friday,6,False,2021-02,8.700899999999999,13.0,Luxury (>$14),XL,Winter,Top
YUO-76652-814,2021-04-04,26248-84194-FI,A-D-0.2,6,Phyllys Ormerod,pormerodg0@redcross.org,United States,0.2,2.985,17.91,Arabica,Dark,No,Durham,27705,United States,pormerodg0@redcross.org,No,0,+1 (919) 491-2772,0,Ara,0.2,2.985,0.26865,2021,2,4,April,Sunday,13,True,2021-04,1.6118999999999999,9.0,Budget (<$7),Small,Spring,Medium
PBT-36926-102,2021-08-02,19485-98072-PS,L-M-1,4,Don Flintiff,dflintiffg1@e-recht24.de,United Kingdom,1.0,14.55,58.2,Libriac,Medium,No,London,WC1B,United Kingdom,dflintiffg1@e-recht24.de,No,0,UNKNOWN,1,Lib,1.0,14.55,1.8915000000000002,2021,3,8,August,Monday,31,False,2021-08,7.566000000000001,13.0,Luxury (>$14),Large,Summer,High
BLV-60087-454,2022-06-08,84493-71314-WX,E-L-0.2,3,Tymon Zanetti,tzanettig2@gravatar.com,Ireland,0.2,4.455,13.365,Excelsa,Large,No,Loughrea,H62,Ireland,tzanettig2@gravatar.com,No,0,+353 (351) 897-2630,0,Exc,0.2,4.455,0.49005,2022,2,6,June,Wednesday,23,False,2022-06,1.4701499999999998,11.0,Budget (<$7),Small,Summer,Low
BLV-60087-454,2022-06-08,84493-71314-WX,A-M-0.5,5,Tymon Zanetti,tzanettig2@gravatar.com,Ireland,0.5,6.75,33.75,Arabica,Medium,No,Loughrea,H62,Ireland,tzanettig2@gravatar.com,No,0,+353 (351) 897-2630,0,Ara,0.5,6.75,0.6074999999999999,2022,2,6,June,Wednesday,23,False,2022-06,3.0374999999999996,9.0,Budget (<$7),Medium,Summer,High
QYC-63914-195,2020-05-14,39789-43945-IV,E-L-1,3,Reinaldos Kirtley,rkirtleyg4@hatena.ne.jp,United States,1.0,14.85,44.55,Excelsa,Large,Yes,Whittier,90605,United States,rkirtleyg4@hatena.ne.jp,Yes,0,+1 (626) 635-6367,0,Exc,1.0,14.85,1.6335,2020,2,5,May,Thursday,20,False,2020-05,4.9005,11.0,Luxury (>$14),Large,Spring,High
OIB-77163-890,2020-12-25,38972-89678-ZM,E-L-0.5,5,Carney Clemencet,cclemencetg5@weather.com,United Kingdom,0.5,8.91,44.55,Excelsa,Large,Yes,Birmingham,B40,United Kingdom,cclemencetg5@weather.com,Yes,0,UNKNOWN,1,Exc,0.5,8.91,0.9801,2020,4,12,December,Friday,52,False,2020-12,4.9005,11.0,Standard ($7-10),Medium,Winter,High
SGS-87525-238,2021-07-05,91465-84526-IJ,E-D-1,5,Russell Donet,rdonetg6@oakley.com,United States,1.0,12.15,60.75,Excelsa,Dark,No,Richmond,23237,United States,rdonetg6@oakley.com,No,0,+1 (804) 583-2067,0,Exc,1.0,12.15,1.3365,2021,3,7,July,Monday,27,False,2021-07,6.6825,11.0,Premium ($10-14),Large,Summer,Top
GQR-12490-152,2019-03-14,22832-98538-RB,R-L-0.2,1,Sidney Gawen,sgaweng7@creativecommons.org,United States,0.2,3.5849999999999995,3.5849999999999995,Robusta,Large,Yes,Sterling,20167,United States,sgaweng7@creativecommons.org,Yes,0,+1 (571) 317-3089,0,Rob,0.2,3.5849999999999995,0.21509999999999996,2019,1,3,March,Thursday,11,False,2019-03,0.21509999999999996,6.0,Budget (<$7),Small,Spring,Low
UOJ-28238-299,2021-03-07,30844-91890-ZA,R-L-0.2,6,Rickey Readie,rreadieg8@guardian.co.uk,United States,0.2,3.5849999999999995,21.509999999999998,Robusta,Large,No,Carson City,89706,United States,rreadieg8@guardian.co.uk,No,0,+1 (775) 993-8273,0,Rob,0.2,3.5849999999999995,0.21509999999999996,2021,1,3,March,Sunday,9,True,2021-03,1.2905999999999997,6.0,Budget (<$7),Small,Spring,Medium
ETD-58130-674,2021-11-05,05325-97750-WP,E-M-0.5,2,Cody Verissimo,cverissimogh@theglobeandmail.com,United Kingdom,0.5,8.25,16.5,Excelsa,Medium,Yes,Upton,DN21,United Kingdom,cverissimogh@theglobeandmail.com,Yes,0,UNKNOWN,1,Exc,0.5,8.25,0.9075,2021,4,11,November,Friday,44,False,2021-11,1.815,11.0,Standard ($7-10),Medium,Autumn,Medium
NQS-01613-687,2021-03-12,10204-31464-SA,L-D-0.5,1,Bar O' Mahony,bogb@elpais.com,United States,0.5,7.77,7.77,Libriac,Dark,Yes,Huntsville,35895,United States,bogb@elpais.com,Yes,0,UNKNOWN,1,Lib,0.5,7.77,1.0101,2021,1,3,March,Friday,10,False,2021-03,1.0101,13.0,Standard ($7-10),Medium,Spring,Low
MGH-36050-573,2020-08-03,75156-80911-YT,R-M-0.5,2,Valenka Stansbury,vstansburygc@unblog.fr,United States,0.5,5.97,11.94,Robusta,Medium,Yes,El Paso,88553,United States,vstansburygc@unblog.fr,Yes,0,+1 (915) 530-3435,0,Rob,0.5,5.97,0.35819999999999996,2020,3,8,August,Monday,32,False,2020-08,0.7163999999999999,6.0,Budget (<$7),Medium,Summer,Low
UVF-59322-459,2019-07-25,53971-49906-PZ,E-L-2.5,6,Daniel Heinonen,dheinonengd@printfriendly.com,United States,2.5,34.154999999999994,204.92999999999995,Excelsa,Large,No,Decatur,30033,United States,dheinonengd@printfriendly.com,No,0,UNKNOWN,1,Exc,2.5,34.154999999999994,3.7570499999999996,2019,3,7,July,Thursday,30,False,2019-07,22.542299999999997,11.0,Luxury (>$14),XL,Summer,Top
VET-41158-896,2020-04-29,10728-17633-ST,E-M-2.5,2,Jewelle Shenton,jshentonge@google.com.hk,United States,2.5,31.624999999999996,63.24999999999999,Excelsa,Medium,Yes,Orange,92668,United States,jshentonge@google.com.hk,Yes,0,+1 (650) 712-0135,0,Exc,2.5,31.624999999999996,3.47875,2020,2,4,April,Wednesday,18,False,2020-04,6.9575,11.0,Luxury (>$14),XL,Spring,Top
XYL-52196-459,2019-05-02,13549-65017-VE,R-D-0.2,3,Jennifer Wilkisson,jwilkissongf@nba.com,United States,0.2,2.6849999999999996,8.055,Robusta,Dark,Yes,Huntington Beach,92648,United States,jwilkissongf@nba.com,Yes,0,UNKNOWN,1,Rob,0.2,2.6849999999999996,0.16109999999999997,2019,2,5,May,Thursday,18,False,2019-05,0.4832999999999999,6.0,Budget (<$7),Small,Spring,Low
VQW-91903-926,2020-03-13,05325-97750-WP,E-D-2.5,1,Cody Verissimo,cverissimogh@theglobeandmail.com,United Kingdom,2.5,27.945,27.945,Excelsa,Dark,Yes,Upton,DN21,United Kingdom,cverissimogh@theglobeandmail.com,Yes,0,UNKNOWN,1,Exc,2.5,27.945,3.07395,2020,1,3,March,Friday,11,False,2020-03,3.07395,11.0,Luxury (>$14),XL,Spring,Medium
OLF-77983-457,2019-02-16,51901-35210-UI,A-L-2.5,2,Gabriel Starcks,gstarcksgi@abc.net.au,United States,2.5,29.784999999999997,59.56999999999999,Arabica,Large,No,Chattanooga,37416,United States,gstarcksgi@abc.net.au,No,0,+1 (423) 903-3146,0,Ara,2.5,29.784999999999997,2.6806499999999995,2019,1,2,February,Saturday,7,True,2019-02,5.361299999999999,9.0,Luxury (>$14),XL,Winter,Top
UOG-94188-104,2021-11-23,92753-50029-SD,A-M-0.5,5,Kienan Scholard,kscholardgk@sbwire.com,United States,0.5,6.75,33.75,Arabica,Medium,No,Columbus,43268,United States,kscholardgk@sbwire.com,No,0,+1 (614) 199-9032,0,Ara,0.5,6.75,0.6074999999999999,2021,4,11,November,Tuesday,47,False,2021-11,3.0374999999999996,9.0,Budget (<$7),Medium,Autumn,High
DSN-15872-519,2021-12-02,53809-98498-SN,L-L-2.5,4,Bo Kindley,bkindleygl@wikimedia.org,United States,2.5,36.455,145.82,Libriac,Large,Yes,Pasadena,91186,United States,bkindleygl@wikimedia.org,Yes,0,+1 (650) 799-2315,0,Lib,2.5,36.455,4.7391499999999995,2021,4,12,December,Thursday,48,False,2021-12,18.956599999999998,13.0,Luxury (>$14),XL,Winter,Top
OUQ-73954-002,2019-01-06,66308-13503-KD,R-M-0.2,4,Krissie Hammett,khammettgm@dmoz.org,United States,0.2,2.985,11.94,Robusta,Medium,Yes,San Francisco,94159,United States,khammettgm@dmoz.org,Yes,0,+1 (415) 825-4799,0,Rob,0.2,2.985,0.17909999999999998,2019,1,1,January,Sunday,1,True,2019-01,0.7163999999999999,6.0,Budget (<$7),Small,Winter,Low
LGL-16843-667,2021-05-05,82458-87830-JE,A-D-0.2,4,Alisha Hulburt,ahulburtgn@fda.gov,United States,0.2,2.985,11.94,Arabica,Dark,Yes,Shreveport,71137,United States,ahulburtgn@fda.gov,Yes,0,UNKNOWN,1,Ara,0.2,2.985,0.26865,2021,2,5,May,Wednesday,18,False,2021-05,1.0746,9.0,Budget (<$7),Small,Spring,Low
TCC-89722-031,2021-10-23,41611-34336-WT,L-D-0.5,1,Peyter Lauritzen,plauritzengo@photobucket.com,United States,0.5,7.77,7.77,Libriac,Dark,No,Philadelphia,19141,United States,plauritzengo@photobucket.com,No,0,+1 (215) 308-0788,0,Lib,0.5,7.77,1.0101,2021,4,10,October,Saturday,42,True,2021-10,1.0101,13.0,Standard ($7-10),Medium,Autumn,Low
TRA-79507-007,2019-12-16,70089-27418-UJ,R-L-2.5,4,Aurelia Burgwin,aburgwingp@redcross.org,United States,2.5,27.484999999999996,109.93999999999998,Robusta,Large,Yes,Migrate,41905,United States,aburgwingp@redcross.org,Yes,0,+1 (314) 407-3962,0,Rob,2.5,27.484999999999996,1.6490999999999998,2019,4,12,December,Monday,51,False,2019-12,6.596399999999999,6.0,Luxury (>$14),XL,Winter,Top
MZJ-77284-941,2019-05-18,99978-56910-BN,E-L-0.2,5,Emalee Rolin,erolingq@google.fr,United States,0.2,4.455,22.275,Excelsa,Large,Yes,Toledo,43666,United States,erolingq@google.fr,Yes,0,+1 (419) 597-8743,0,Exc,0.2,4.455,0.49005,2019,2,5,May,Saturday,20,True,2019-05,2.45025,11.0,Budget (<$7),Small,Spring,Medium
AXN-57779-891,2019-07-14,09668-23340-IC,R-M-0.2,3,Donavon Fowle,dfowlegr@epa.gov,United States,0.2,2.985,8.955,Robusta,Medium,No,Colorado Springs,80945,United States,dfowlegr@epa.gov,No,0,UNKNOWN,1,Rob,0.2,2.985,0.17909999999999998,2019,3,7,July,Sunday,28,True,2019-07,0.5372999999999999,6.0,Budget (<$7),Small,Summer,Low
LTS-03470-353,2020-07-16,90985-89807-RW,A-L-2.5,5,Wang Powlesland,wpowleslandgt@soundcloud.com,United States,2.5,29.784999999999997,148.92499999999998,Arabica,Large,Yes,Pittsburgh,15274,United States,wpowleslandgt@soundcloud.com,Yes,0,+1 (412) 453-4798,0,Ara,2.5,29.784999999999997,2.6806499999999995,2020,3,7,July,Thursday,29,False,2020-07,13.403249999999998,9.0,Luxury (>$14),XL,Summer,Top
UMM-28497-689,2020-11-03,05325-97750-WP,L-L-2.5,3,Cody Verissimo,cverissimogh@theglobeandmail.com,United Kingdom,2.5,36.455,109.365,Libriac,Large,Yes,Upton,DN21,United Kingdom,cverissimogh@theglobeandmail.com,Yes,0,UNKNOWN,1,Lib,2.5,36.455,4.7391499999999995,2020,4,11,November,Tuesday,45,False,2020-11,14.21745,13.0,Luxury (>$14),XL,Autumn,Top
MJZ-93232-402,2022-03-20,17816-67941-ZS,E-D-0.2,1,Laurence Ellingham,lellinghamgv@sciencedaily.com,United States,0.2,3.645,3.645,Excelsa,Dark,Yes,Shreveport,71115,United States,lellinghamgv@sciencedaily.com,Yes,0,+1 (318) 670-8027,0,Exc,0.2,3.645,0.40095000000000003,2022,1,3,March,Sunday,11,True,2022-03,0.40095000000000003,11.0,Budget (<$7),Small,Spring,Low
RIK-61730-794,2020-11-12,69761-61146-KD,L-M-0.2,6,Ancell Fendt,afendtgx@forbes.com,United States,0.2,4.365,26.19,Libriac,Medium,Yes,Milwaukee,53234,United States,afendtgx@forbes.com,Yes,0,+1 (414) 811-7606,0,Lib,0.2,4.365,0.56745,2020,4,11,November,Thursday,46,False,2020-11,3.4047,13.0,Budget (<$7),Small,Autumn,Medium
IDJ-55379-750,2019-10-05,24040-20817-QB,R-M-1,4,Angelia Cleyburn,acleyburngy@lycos.com,United States,1.0,9.95,39.8,Robusta,Medium,No,Fort Lauderdale,33345,United States,acleyburngy@lycos.com,No,0,+1 (754) 355-3802,0,Rob,1.0,9.95,0.597,2019,4,10,October,Saturday,40,True,2019-10,2.388,6.0,Standard ($7-10),Large,Autumn,High
OHX-11953-965,2019-10-01,19524-21432-XP,E-L-2.5,2,Temple Castiglione,tcastiglionegz@xing.com,United States,2.5,34.154999999999994,68.30999999999999,Excelsa,Large,No,Shreveport,71105,United States,tcastiglionegz@xing.com,No,0,+1 (318) 820-6128,0,Exc,2.5,34.154999999999994,3.7570499999999996,2019,4,10,October,Tuesday,40,False,2019-10,7.514099999999999,11.0,Luxury (>$14),XL,Autumn,Top
OKA-93124-100,2020-04-23,05325-97750-WP,R-M-0.5,5,Cody Verissimo,cverissimogh@theglobeandmail.com,United Kingdom,0.5,5.97,29.849999999999998,Robusta,Medium,Yes,Upton,DN21,United Kingdom,cverissimogh@theglobeandmail.com,Yes,0,UNKNOWN,1,Rob,0.5,5.97,0.35819999999999996,2020,2,4,April,Thursday,17,False,2020-04,1.791,6.0,Budget (<$7),Medium,Spring,High
IXW-20780-268,2020-06-24,20236-64364-QL,L-L-2.5,2,Shay Couronne,scouronneh3@mozilla.org,United States,2.5,36.455,72.91,Libriac,Large,Yes,Fargo,58122,United States,scouronneh3@mozilla.org,Yes,0,+1 (701) 894-8081,0,Lib,2.5,36.455,4.7391499999999995,2020,2,6,June,Wednesday,26,False,2020-06,9.478299999999999,13.0,Luxury (>$14),XL,Summer,Top
NGG-24006-937,2021-03-16,29102-40100-TZ,E-M-2.5,4,Linus Flippelli,lflippellih4@github.io,United Kingdom,2.5,31.624999999999996,126.49999999999999,Excelsa,Medium,No,Middleton,LE16,United Kingdom,lflippellih4@github.io,No,0,+44 (200) 860-6521,0,Exc,2.5,31.624999999999996,3.47875,2021,1,3,March,Tuesday,11,False,2021-03,13.915,11.0,Luxury (>$14),XL,Spring,Top
JZC-31180-557,2020-04-07,09171-42203-EB,L-M-2.5,1,Rachelle Elizabeth,relizabethh5@live.com,United States,2.5,33.464999999999996,33.464999999999996,Libriac,Medium,No,Tulsa,74184,United States,relizabethh5@live.com,No,0,+1 (918) 203-3263,0,Lib,2.5,33.464999999999996,4.3504499999999995,2020,2,4,April,Tuesday,15,False,2020-04,4.3504499999999995,13.0,Luxury (>$14),XL,Spring,High
ZMU-63715-204,2021-09-30,29060-75856-UI,E-D-1,6,Innis Renhard,irenhardh6@i2i.jp,United States,1.0,12.15,72.9,Excelsa,Dark,Yes,New York City,10045,United States,irenhardh6@i2i.jp,Yes,0,+1 (646) 225-6560,0,Exc,1.0,12.15,1.3365,2021,3,9,September,Thursday,39,False,2021-09,8.019,11.0,Premium ($10-14),Large,Autumn,Top
GND-08192-056,2022-05-01,17088-16989-PL,L-D-0.5,2,Winne Roche,wrocheh7@xinhuanet.com,United States,0.5,7.77,15.54,Libriac,Dark,Yes,Seminole,34642,United States,wrocheh7@xinhuanet.com,Yes,0,+1 (317) 439-5584,0,Lib,0.5,7.77,1.0101,2022,2,5,May,Sunday,17,True,2022-05,2.0202,13.0,Standard ($7-10),Medium,Spring,Low
RYY-38961-093,2021-01-21,14756-18321-CL,A-M-0.2,6,Linn Alaway,lalawayhh@weather.com,United States,0.2,3.375,20.25,Arabica,Medium,No,Fort Lauderdale,33345,United States,lalawayhh@weather.com,No,0,UNKNOWN,1,Ara,0.2,3.375,0.30374999999999996,2021,1,1,January,Thursday,3,False,2021-01,1.8224999999999998,9.0,Budget (<$7),Small,Winter,Medium
CVA-64996-969,2020-06-24,13324-78688-MI,A-L-1,6,Cordy Odgaard,codgaardh9@nsw.gov.au,United States,1.0,12.95,77.69999999999999,Arabica,Large,No,Portland,97296,United States,codgaardh9@nsw.gov.au,No,0,+1 (503) 203-1484,0,Ara,1.0,12.95,1.1655,2020,2,6,June,Wednesday,26,False,2020-06,6.993,9.0,Premium ($10-14),Large,Summer,Top
XTH-67276-442,2019-03-03,73799-04749-BM,L-M-2.5,4,Bertine Byrd,bbyrdha@4shared.com,United States,2.5,33.464999999999996,133.85999999999999,Libriac,Medium,No,Las Vegas,89115,United States,bbyrdha@4shared.com,No,0,UNKNOWN,1,Lib,2.5,33.464999999999996,4.3504499999999995,2019,1,3,March,Sunday,9,True,2019-03,17.401799999999998,13.0,Luxury (>$14),XL,Spring,Top
XSN-26809-910,2020-06-28,80467-17137-TO,E-M-2.5,2,Dianne Chardin,dchardinhc@nhs.uk,Ireland,2.5,31.624999999999996,63.24999999999999,Excelsa,Medium,Yes,Ballybofey,V23,Ireland,dchardinhc@nhs.uk,Yes,0,UNKNOWN,1,Exc,2.5,31.624999999999996,3.47875,2020,2,6,June,Sunday,26,True,2020-06,6.9575,11.0,Luxury (>$14),XL,Summer,Top
UDN-88321-005,2020-07-05,14640-87215-BK,R-L-0.5,5,Hailee Radbone,hradbonehd@newsvine.com,United States,0.5,7.169999999999999,35.849999999999994,Robusta,Large,No,San Francisco,94159,United States,hradbonehd@newsvine.com,No,0,+1 (415) 968-9559,0,Rob,0.5,7.169999999999999,0.4301999999999999,2020,3,7,July,Sunday,27,True,2020-07,2.151,6.0,Standard ($7-10),Medium,Summer,High
EXP-21628-670,2019-03-02,94447-35885-HK,A-M-2.5,3,Wallis Bernth,wbernthhe@miitbeian.gov.cn,United States,2.5,25.874999999999996,77.62499999999999,Arabica,Medium,No,Pittsburgh,15274,United States,wbernthhe@miitbeian.gov.cn,No,0,+1 (412) 597-3861,0,Ara,2.5,25.874999999999996,2.3287499999999994,2019,1,3,March,Saturday,9,True,2019-03,6.986249999999998,9.0,Luxury (>$14),XL,Spring,Top
VGM-24161-361,2022-05-01,71034-49694-CS,E-M-2.5,2,Byron Acarson,bacarsonhf@cnn.com,United States,2.5,31.624999999999996,63.24999999999999,Excelsa,Medium,Yes,Houston,77281,United States,bacarsonhf@cnn.com,Yes,0,+1 (713) 418-6385,0,Exc,2.5,31.624999999999996,3.47875,2022,2,5,May,Sunday,17,True,2022-05,6.9575,11.0,Luxury (>$14),XL,Spring,Top
PKN-19556-918,2022-04-29,00445-42781-KX,E-L-0.2,6,Faunie Brigham,fbrighamhg@blog.com,Ireland,0.2,4.455,26.73,Excelsa,Large,Yes,Castlerea,F45,Ireland,fbrighamhg@blog.com,Yes,0,+353 (620) 657-2946,0,Exc,0.2,4.455,0.49005,2022,2,4,April,Friday,17,False,2022-04,2.9402999999999997,11.0,Budget (<$7),Small,Spring,Medium
PKN-19556-918,2022-04-29,00445-42781-KX,L-D-0.5,4,Faunie Brigham,fbrighamhg@blog.com,Ireland,0.5,7.77,31.08,Libriac,Dark,Yes,Castlerea,F45,Ireland,fbrighamhg@blog.com,Yes,0,+353 (620) 657-2946,0,Lib,0.5,7.77,1.0101,2022,2,4,April,Friday,17,False,2022-04,4.0404,13.0,Standard ($7-10),Medium,Spring,High
PKN-19556-918,2022-04-29,00445-42781-KX,A-D-0.2,1,Faunie Brigham,fbrighamhg@blog.com,Ireland,0.2,2.985,2.985,Arabica,Dark,Yes,Castlerea,F45,Ireland,fbrighamhg@blog.com,Yes,0,+353 (620) 657-2946,0,Ara,0.2,2.985,0.26865,2022,2,4,April,Friday,17,False,2022-04,0.26865,9.0,Budget (<$7),Small,Spring,Low
PKN-19556-918,2022-04-29,00445-42781-KX,R-D-2.5,5,Faunie Brigham,fbrighamhg@blog.com,Ireland,2.5,20.584999999999997,102.92499999999998,Robusta,Dark,Yes,Castlerea,F45,Ireland,fbrighamhg@blog.com,Yes,0,+353 (620) 657-2946,0,Rob,2.5,20.584999999999997,1.2350999999999999,2022,2,4,April,Friday,17,False,2022-04,6.1754999999999995,6.0,Luxury (>$14),XL,Spring,Top
DXQ-44537-297,2020-08-06,96116-24737-LV,E-L-0.5,4,Marjorie Yoxen,myoxenhk@google.com,United States,0.5,8.91,35.64,Excelsa,Large,No,Los Angeles,90005,United States,myoxenhk@google.com,No,0,+1 (213) 241-8051,0,Exc,0.5,8.91,0.9801,2020,3,8,August,Thursday,32,False,2020-08,3.9204,11.0,Standard ($7-10),Medium,Summer,High
BPC-54727-307,2019-12-21,18684-73088-YL,R-L-1,4,Gaspar McGavin,gmcgavinhl@histats.com,United States,1.0,11.95,47.8,Robusta,Large,No,Wilkes Barre,18706,United States,gmcgavinhl@histats.com,No,0,+1 (570) 745-7589,0,Rob,1.0,11.95,0.717,2019,4,12,December,Saturday,51,True,2019-12,2.868,6.0,Premium ($10-14),Large,Winter,High
KSH-47717-456,2020-04-19,74671-55639-TU,L-M-1,3,Lindy Uttermare,luttermarehm@engadget.com,United States,1.0,14.55,43.650000000000006,Libriac,Medium,No,Denton,76205,United States,luttermarehm@engadget.com,No,0,+1 (817) 793-6871,0,Lib,1.0,14.55,1.8915000000000002,2020,2,4,April,Sunday,16,True,2020-04,5.6745,13.0,Luxury (>$14),Large,Spring,High
ANK-59436-446,2022-01-17,17488-65879-XL,E-L-0.5,4,Eal D'Ambrogio,edambrogiohn@techcrunch.com,United States,0.5,8.91,35.64,Excelsa,Large,Yes,Lees Summit,64082,United States,edambrogiohn@techcrunch.com,Yes,0,+1 (816) 196-1729,0,Exc,0.5,8.91,0.9801,2022,1,1,January,Monday,3,False,2022-01,3.9204,11.0,Standard ($7-10),Medium,Winter,High
AYY-83051-752,2019-01-22,46431-09298-OU,L-L-1,6,Carolee Winchcombe,cwinchcombeho@jiathis.com,United States,1.0,15.85,95.1,Libriac,Large,Yes,Little Rock,72209,United States,cwinchcombeho@jiathis.com,Yes,0,+1 (501) 772-4397,0,Lib,1.0,15.85,2.0605,2019,1,1,January,Tuesday,4,False,2019-01,12.363000000000001,13.0,Luxury (>$14),Large,Winter,Top
CSW-59644-267,2020-02-28,60378-26473-FE,E-M-2.5,1,Benedikta Paumier,bpaumierhp@umn.edu,Ireland,2.5,31.624999999999996,31.624999999999996,Excelsa,Medium,Yes,Ballisodare,E45,Ireland,bpaumierhp@umn.edu,Yes,0,+353 (777) 856-8236,0,Exc,2.5,31.624999999999996,3.47875,2020,1,2,February,Friday,9,False,2020-02,3.47875,11.0,Luxury (>$14),XL,Winter,High
IGW-04801-466,2021-05-15,29051-27555-GD,L-D-0.2,1,Jeno Capey,jcapeyhr@bravesites.com,United States,0.2,3.885,3.885,Libriac,Dark,Yes,Erie,16534,United States,jcapeyhr@bravesites.com,Yes,0,+1 (814) 974-7878,0,Lib,0.2,3.885,0.50505,2021,2,5,May,Saturday,19,True,2021-05,0.50505,13.0,Budget (<$7),Small,Spring,Low
LJN-34281-921,2021-12-17,52143-35672-JF,R-L-2.5,5,Tuckie Mathonnet,tmathonneti0@google.co.jp,United States,2.5,27.484999999999996,137.42499999999998,Robusta,Large,No,Columbus,43240,United States,tmathonneti0@google.co.jp,No,0,+1 (614) 781-0396,0,Rob,2.5,27.484999999999996,1.6490999999999998,2021,4,12,December,Friday,50,False,2021-12,8.2455,6.0,Luxury (>$14),XL,Winter,Top
BWZ-46364-547,2021-09-09,64918-67725-MN,R-L-1,3,Yardley Basill,ybasillht@theguardian.com,United States,1.0,11.95,35.849999999999994,Robusta,Large,Yes,Pittsburgh,15255,United States,ybasillht@theguardian.com,Yes,0,+1 (412) 297-2806,0,Rob,1.0,11.95,0.717,2021,3,9,September,Thursday,36,False,2021-09,2.151,6.0,Premium ($10-14),Large,Autumn,High
SBC-95710-706,2020-02-19,85634-61759-ND,E-M-0.2,2,Maggy Baistow,mbaistowhu@i2i.jp,United Kingdom,0.2,4.125,8.25,Excelsa,Medium,Yes,Ford,GL54,United Kingdom,mbaistowhu@i2i.jp,Yes,0,+44 (876) 508-3376,0,Exc,0.2,4.125,0.45375,2020,1,2,February,Wednesday,8,False,2020-02,0.9075,11.0,Budget (<$7),Small,Winter,Low
WRN-55114-031,2020-06-29,40180-22940-QB,E-L-2.5,3,Courtney Pallant,cpallanthv@typepad.com,United States,2.5,34.154999999999994,102.46499999999997,Excelsa,Large,Yes,Dallas,75260,United States,cpallanthv@typepad.com,Yes,0,UNKNOWN,1,Exc,2.5,34.154999999999994,3.7570499999999996,2020,2,6,June,Monday,27,False,2020-06,11.271149999999999,11.0,Luxury (>$14),XL,Summer,Top
JVF-91003-729,2020-10-02,98536-88616-FF,A-D-2.5,3,Denny O' Ronan,dohx@redcross.org,United States,2.5,22.884999999999998,68.655,Arabica,Dark,Yes,San Angelo,76905,United States,dohx@redcross.org,Yes,0,+1 (325) 276-3690,0,Ara,2.5,22.884999999999998,2.0596499999999995,2020,4,10,October,Friday,40,False,2020-10,6.178949999999999,9.0,Luxury (>$14),XL,Autumn,Top
MVB-22135-665,2021-12-02,55621-06130-SA,A-D-1,1,Dottie Rallin,drallinhy@howstuffworks.com,United States,1.0,9.95,9.95,Arabica,Dark,Yes,Albany,12205,United States,drallinhy@howstuffworks.com,Yes,0,+1 (518) 981-1531,0,Ara,1.0,9.95,0.8954999999999999,2021,4,12,December,Thursday,48,False,2021-12,0.8954999999999999,9.0,Standard ($7-10),Large,Winter,Low
CKS-47815-571,2021-11-02,45666-86771-EH,L-L-0.5,3,Ardith Chill,achillhz@epa.gov,United Kingdom,0.5,9.51,28.53,Libriac,Large,Yes,Thorpe,BD23,United Kingdom,achillhz@epa.gov,Yes,0,+44 (411) 344-1320,0,Lib,0.5,9.51,1.2363,2021,4,11,November,Tuesday,44,False,2021-11,3.7089,13.0,Standard ($7-10),Medium,Autumn,Medium
OAW-17338-101,2020-02-23,52143-35672-JF,R-D-0.2,6,Tuckie Mathonnet,tmathonneti0@google.co.jp,United States,0.2,2.6849999999999996,16.11,Robusta,Dark,No,Columbus,43240,United States,tmathonneti0@google.co.jp,No,0,+1 (614) 781-0396,0,Rob,0.2,2.6849999999999996,0.16109999999999997,2020,1,2,February,Sunday,8,True,2020-02,0.9665999999999998,6.0,Budget (<$7),Small,Winter,Medium
ALP-37623-536,2020-07-03,24689-69376-XX,L-L-1,6,Charmane Denys,cdenysi1@is.gd,United Kingdom,1.0,15.85,95.1,Libriac,Large,No,Carlton,DL8,United Kingdom,cdenysi1@is.gd,No,0,+44 (341) 297-2539,0,Lib,1.0,15.85,2.0605,2020,3,7,July,Friday,27,False,2020-07,12.363000000000001,13.0,Luxury (>$14),Large,Summer,Top
WMU-87639-108,2019-02-11,71891-51101-VQ,R-D-0.5,1,Cecily Stebbings,cstebbingsi2@drupal.org,United States,0.5,5.369999999999999,5.369999999999999,Robusta,Dark,Yes,Corona,92883,United States,cstebbingsi2@drupal.org,Yes,0,+1 (951) 986-4062,0,Rob,0.5,5.369999999999999,0.32219999999999993,2019,1,2,February,Monday,7,False,2019-02,0.32219999999999993,6.0,Budget (<$7),Medium,Winter,Low
YZG-20575-451,2020-03-02,64845-00270-NO,L-L-1,4,Rhetta Zywicki,rzywickii4@ifeng.com,Ireland,1.0,15.85,63.4,Libriac,Large,No,Ballinteer,D6W,Ireland,rzywickii4@ifeng.com,No,0,UNKNOWN,1,Lib,1.0,15.85,2.0605,2020,1,3,March,Monday,10,False,2020-03,8.242,13.0,Luxury (>$14),Large,Spring,Top
HTH-52867-812,2021-06-28,29851-36402-UX,A-M-2.5,4,Almeria Burgett,aburgetti5@moonfruit.com,United States,2.5,25.874999999999996,103.49999999999999,Arabica,Medium,No,Toledo,43610,United States,aburgetti5@moonfruit.com,No,0,+1 (419) 372-4746,0,Ara,2.5,25.874999999999996,2.3287499999999994,2021,2,6,June,Monday,26,False,2021-06,9.314999999999998,9.0,Luxury (>$14),XL,Summer,Top
FWU-44971-444,2019-01-11,12190-25421-WM,A-D-2.5,3,Marvin Malloy,mmalloyi6@seattletimes.com,United States,2.5,22.884999999999998,68.655,Arabica,Dark,No,Washington,20088,United States,mmalloyi6@seattletimes.com,No,0,+1 (202) 284-7115,0,Ara,2.5,22.884999999999998,2.0596499999999995,2019,1,1,January,Friday,2,False,2019-01,6.178949999999999,9.0,Luxury (>$14),XL,Winter,Top
EQI-82205-066,2019-09-20,52316-30571-GD,R-M-2.5,2,Maxim McParland,mmcparlandi7@w3.org,United States,2.5,22.884999999999998,45.769999999999996,Robusta,Medium,Yes,Cedar Rapids,52405,United States,mmcparlandi7@w3.org,Yes,0,UNKNOWN,1,Rob,2.5,22.884999999999998,1.3730999999999998,2019,3,9,September,Friday,38,False,2019-09,2.7461999999999995,6.0,Luxury (>$14),XL,Autumn,High
NAR-00747-074,2021-10-16,23243-92649-RY,L-D-1,4,Sylas Jennaroy,sjennaroyi8@purevolume.com,United States,1.0,12.95,51.8,Libriac,Dark,No,Aurora,80045,United States,sjennaroyi8@purevolume.com,No,0,UNKNOWN,1,Lib,1.0,12.95,1.6835,2021,4,10,October,Saturday,41,True,2021-10,6.734,13.0,Premium ($10-14),Large,Autumn,High
JYR-22052-185,2020-01-01,39528-19971-OR,A-M-0.5,2,Wren Place,wplacei9@wsj.com,United States,0.5,6.75,13.5,Arabica,Medium,Yes,Sunnyvale,94089,United States,wplacei9@wsj.com,Yes,0,+1 (408) 106-8863,0,Ara,0.5,6.75,0.6074999999999999,2020,1,1,January,Wednesday,1,False,2020-01,1.2149999999999999,9.0,Budget (<$7),Medium,Winter,Low
XKO-54097-932,2022-03-10,32743-78448-KT,E-M-0.5,3,Janella Millett,jmillettik@addtoany.com,United States,0.5,8.25,24.75,Excelsa,Medium,Yes,Durham,27717,United States,jmillettik@addtoany.com,Yes,0,+1 (919) 302-3228,0,Exc,0.5,8.25,0.9075,2022,1,3,March,Thursday,10,False,2022-03,2.7225,11.0,Standard ($7-10),Medium,Spring,Medium
HXA-72415-025,2022-05-12,93417-12322-YB,A-D-2.5,2,Dollie Gadsden,dgadsdenib@google.com.hk,Ireland,2.5,22.884999999999998,45.769999999999996,Arabica,Dark,Yes,Cluain Meala,E91,Ireland,dgadsdenib@google.com.hk,Yes,0,+353 (847) 447-7835,0,Ara,2.5,22.884999999999998,2.0596499999999995,2022,2,5,May,Thursday,19,False,2022-05,4.119299999999999,9.0,Luxury (>$14),XL,Spring,High
MJF-20065-335,2020-09-10,56891-86662-UY,E-L-0.5,6,Val Wakelin,vwakelinic@unesco.org,United States,0.5,8.91,53.46,Excelsa,Large,No,Lansing,48930,United States,vwakelinic@unesco.org,No,0,+1 (517) 163-7746,0,Exc,0.5,8.91,0.9801,2020,3,9,September,Thursday,37,False,2020-09,5.880599999999999,11.0,Standard ($7-10),Medium,Autumn,High
GFI-83300-059,2021-10-16,40414-26467-VE,A-M-0.2,6,Annie Campsall,acampsallid@zimbio.com,United States,0.2,3.375,20.25,Arabica,Medium,Yes,Houston,77281,United States,acampsallid@zimbio.com,Yes,0,+1 (713) 339-5547,0,Ara,0.2,3.375,0.30374999999999996,2021,4,10,October,Saturday,41,True,2021-10,1.8224999999999998,9.0,Budget (<$7),Small,Autumn,Medium
WJR-51493-682,2021-06-17,87858-83734-RK,L-D-2.5,5,Shermy Moseby,smosebyie@stanford.edu,United States,2.5,29.784999999999997,148.92499999999998,Libriac,Dark,No,Murfreesboro,37131,United States,smosebyie@stanford.edu,No,0,UNKNOWN,1,Lib,2.5,29.784999999999997,3.8720499999999998,2021,2,6,June,Thursday,24,False,2021-06,19.36025,13.0,Luxury (>$14),XL,Summer,Top
SHP-55648-472,2019-03-30,46818-20198-GB,A-M-1,6,Corrie Wass,cwassif@prweb.com,United States,1.0,11.25,67.5,Arabica,Medium,No,Charleston,25362,United States,cwassif@prweb.com,No,0,UNKNOWN,1,Ara,1.0,11.25,1.0125,2019,1,3,March,Saturday,13,True,2019-03,6.074999999999999,9.0,Premium ($10-14),Large,Spring,Top
HYR-03455-684,2021-12-19,29808-89098-XD,E-D-1,6,Ira Sjostrom,isjostromig@pbs.org,United States,1.0,12.15,72.9,Excelsa,Dark,No,Erie,16534,United States,isjostromig@pbs.org,No,0,+1 (814) 359-4610,0,Exc,1.0,12.15,1.3365,2021,4,12,December,Sunday,50,True,2021-12,8.019,11.0,Premium ($10-14),Large,Winter,Top
HYR-03455-684,2021-12-19,29808-89098-XD,L-D-0.2,2,Ira Sjostrom,isjostromig@pbs.org,United States,0.2,3.885,7.77,Libriac,Dark,No,Erie,16534,United States,isjostromig@pbs.org,No,0,+1 (814) 359-4610,0,Lib,0.2,3.885,0.50505,2021,4,12,December,Sunday,50,True,2021-12,1.0101,13.0,Budget (<$7),Small,Winter,Low
HUG-52766-375,2020-06-05,78786-77449-RQ,A-D-2.5,4,Jermaine Branchett,jbranchettii@bravesites.com,United States,2.5,22.884999999999998,91.53999999999999,Arabica,Dark,No,Lubbock,79491,United States,jbranchettii@bravesites.com,No,0,+1 (806) 376-6144,0,Ara,2.5,22.884999999999998,2.0596499999999995,2020,2,6,June,Friday,23,False,2020-06,8.238599999999998,9.0,Luxury (>$14),XL,Summer,Top
DAH-46595-917,2021-09-12,27878-42224-QF,A-D-1,6,Nissie Rudland,nrudlandij@blogs.com,Ireland,1.0,9.95,59.699999999999996,Arabica,Dark,No,Gorey,Y25,Ireland,nrudlandij@blogs.com,No,0,+353 (445) 224-6111,0,Ara,1.0,9.95,0.8954999999999999,2021,3,9,September,Sunday,36,True,2021-09,5.372999999999999,9.0,Standard ($7-10),Large,Autumn,Top
VEM-79839-466,2022-03-16,32743-78448-KT,R-L-2.5,5,Janella Millett,jmillettik@addtoany.com,United States,2.5,27.484999999999996,137.42499999999998,Robusta,Large,Yes,Durham,27717,United States,jmillettik@addtoany.com,Yes,0,+1 (919) 302-3228,0,Rob,2.5,27.484999999999996,1.6490999999999998,2022,1,3,March,Wednesday,11,False,2022-03,8.2455,6.0,Luxury (>$14),XL,Spring,Top
OWH-11126-533,2021-12-21,25331-13794-SB,L-M-2.5,2,Ferdie Tourry,ftourryil@google.de,United States,2.5,33.464999999999996,66.92999999999999,Libriac,Medium,No,Florence,29505,United States,ftourryil@google.de,No,0,+1 (843) 243-1686,0,Lib,2.5,33.464999999999996,4.3504499999999995,2021,4,12,December,Tuesday,51,False,2021-12,8.700899999999999,13.0,Luxury (>$14),XL,Winter,Top
UMT-26130-151,2019-05-21,55864-37682-GQ,L-M-0.2,3,Cecil Weatherall,cweatherallim@toplist.cz,United States,0.2,4.365,13.095,Libriac,Medium,Yes,Syracuse,13205,United States,cweatherallim@toplist.cz,Yes,0,+1 (315) 335-0182,0,Lib,0.2,4.365,0.56745,2019,2,5,May,Tuesday,21,False,2019-05,1.70235,13.0,Budget (<$7),Small,Spring,Low
JKA-27899-806,2021-10-26,97005-25609-CQ,R-L-1,5,Gale Heindrick,gheindrickin@usda.gov,United States,1.0,11.95,59.75,Robusta,Large,No,Lawrenceville,30245,United States,gheindrickin@usda.gov,No,0,+1 (229) 111-7292,0,Rob,1.0,11.95,0.717,2021,4,10,October,Tuesday,43,False,2021-10,3.585,6.0,Premium ($10-14),Large,Autumn,Top
ULU-07744-724,2020-03-26,94058-95794-IJ,L-M-0.5,5,Layne Imason,limasonio@discuz.net,United States,0.5,8.73,43.650000000000006,Libriac,Medium,Yes,Houston,77070,United States,limasonio@discuz.net,Yes,0,UNKNOWN,1,Lib,0.5,8.73,1.1349,2020,1,3,March,Thursday,13,False,2020-03,5.6745,13.0,Standard ($7-10),Medium,Spring,High
NOM-56457-507,2020-10-14,40214-03678-GU,E-M-1,6,Hazel Saill,hsaillip@odnoklassniki.ru,United States,1.0,13.75,82.5,Excelsa,Medium,Yes,Kansas City,66160,United States,hsaillip@odnoklassniki.ru,Yes,0,+1 (913) 968-8024,0,Exc,1.0,13.75,1.5125,2020,4,10,October,Wednesday,42,False,2020-10,9.075,11.0,Premium ($10-14),Large,Autumn,Top
NZN-71683-705,2021-12-13,04921-85445-SL,A-L-2.5,6,Hermann Larvor,hlarvoriq@last.fm,United States,2.5,29.784999999999997,178.70999999999998,Arabica,Large,Yes,Bradenton,34282,United States,hlarvoriq@last.fm,Yes,0,+1 (941) 779-2195,0,Ara,2.5,29.784999999999997,2.6806499999999995,2021,4,12,December,Monday,50,False,2021-12,16.083899999999996,9.0,Luxury (>$14),XL,Winter,Top
ZYU-11345-774,2021-01-10,18293-78136-MN,L-M-0.5,5,Charin Penwarden,cpenwardenit@mlb.com,Ireland,0.5,8.73,43.650000000000006,Libriac,Medium,No,Whitegate,D15,Ireland,cpenwardenit@mlb.com,No,0,+353 (765) 345-5590,0,Lib,0.5,8.73,1.1349,2021,1,1,January,Sunday,1,True,2021-01,5.6745,13.0,Standard ($7-10),Medium,Winter,High
CPW-34587-459,2021-03-26,84641-67384-TD,A-L-2.5,6,Milty Middis,mmiddisiu@dmoz.org,United States,2.5,29.784999999999997,178.70999999999998,Arabica,Large,Yes,Wichita,67260,United States,mmiddisiu@dmoz.org,Yes,0,+1 (316) 736-9645,0,Ara,2.5,29.784999999999997,2.6806499999999995,2021,1,3,March,Friday,12,False,2021-03,16.083899999999996,9.0,Luxury (>$14),XL,Spring,Top
NQZ-82067-394,2022-03-25,72320-29738-EB,R-L-2.5,1,Adrianne Vairow,avairowiv@studiopress.com,United Kingdom,2.5,27.484999999999996,27.484999999999996,Robusta,Large,No,Thorpe,BD23,United Kingdom,avairowiv@studiopress.com,No,0,+44 (236) 517-2586,0,Rob,2.5,27.484999999999996,1.6490999999999998,2022,1,3,March,Friday,12,False,2022-03,1.6490999999999998,6.0,Luxury (>$14),XL,Spring,Medium
JBW-95055-851,2021-07-22,47355-97488-XS,A-M-1,5,Anjanette Goldie,agoldieiw@goo.gl,United States,1.0,11.25,56.25,Arabica,Medium,No,Danbury,6816,United States,agoldieiw@goo.gl,No,0,UNKNOWN,1,Ara,1.0,11.25,1.0125,2021,3,7,July,Thursday,29,False,2021-07,5.0625,9.0,Premium ($10-14),Large,Summer,High
AHY-20324-088,2020-09-06,63499-24884-PP,L-L-0.2,2,Nicky Ayris,nayrisix@t-online.de,United Kingdom,0.2,4.755,9.51,Libriac,Large,Yes,Kinloch,PH43,United Kingdom,nayrisix@t-online.de,Yes,0,+44 (627) 552-5656,0,Lib,0.2,4.755,0.61815,2020,3,9,September,Sunday,36,True,2020-09,1.2363,13.0,Budget (<$7),Small,Autumn,Low
ZSL-66684-103,2019-12-28,39193-51770-FM,E-M-0.2,2,Laryssa Benediktovich,lbenediktovichiy@wunderground.com,United States,0.2,4.125,8.25,Excelsa,Medium,Yes,Jacksonville,32209,United States,lbenediktovichiy@wunderground.com,Yes,0,+1 (904) 330-1211,0,Exc,0.2,4.125,0.45375,2019,4,12,December,Saturday,52,True,2019-12,0.9075,11.0,Budget (<$7),Small,Winter,Low
WNE-73911-475,2020-04-20,61323-91967-GG,L-D-0.5,6,Theo Jacobovitz,tjacobovitziz@cbc.ca,United States,0.5,7.77,46.62,Libriac,Dark,No,Houston,77299,United States,tjacobovitziz@cbc.ca,No,0,+1 (713) 642-2082,0,Lib,0.5,7.77,1.0101,2020,2,4,April,Monday,17,False,2020-04,6.0606,13.0,Standard ($7-10),Medium,Spring,High
OVO-01283-090,2022-03-17,15958-25089-OS,L-L-2.5,2,Jeno Druitt,jdruittj1@feedburner.com,United States,2.5,36.455,72.91,Libriac,Large,Yes,Pasadena,91186,United States,jdruittj1@feedburner.com,Yes,0,+1 (650) 693-6904,0,Lib,2.5,36.455,4.7391499999999995,2022,1,3,March,Thursday,11,False,2022-03,9.478299999999999,13.0,Luxury (>$14),XL,Spring,Top
TXH-78646-919,2021-05-14,98430-37820-UV,R-D-0.2,3,Deonne Shortall,dshortallj2@wikipedia.org,United States,0.2,2.6849999999999996,8.055,Robusta,Dark,Yes,Santa Ana,92725,United States,dshortallj2@wikipedia.org,Yes,0,+1 (714) 917-8665,0,Rob,0.2,2.6849999999999996,0.16109999999999997,2021,2,5,May,Friday,19,False,2021-05,0.4832999999999999,6.0,Budget (<$7),Small,Spring,Low
CYZ-37122-164,2019-01-06,21798-04171-XC,E-M-0.5,2,Wilton Cottier,wcottierj3@cafepress.com,United States,0.5,8.25,16.5,Excelsa,Medium,No,San Jose,95160,United States,wcottierj3@cafepress.com,No,0,+1 (408) 261-7902,0,Exc,0.5,8.25,0.9075,2019,1,1,January,Sunday,1,True,2019-01,1.815,11.0,Standard ($7-10),Medium,Winter,Medium
AGQ-06534-750,2019-04-24,52798-46508-HP,A-L-1,5,Kevan Grinsted,kgrinstedj4@google.com.br,Ireland,1.0,12.95,64.75,Arabica,Large,No,Tallaght,D24,Ireland,kgrinstedj4@google.com.br,No,0,+353 (773) 225-6216,0,Ara,1.0,12.95,1.1655,2019,2,4,April,Wednesday,17,False,2019-04,5.8275,9.0,Premium ($10-14),Large,Spring,Top
QVL-32245-818,2021-05-30,46478-42970-EM,A-M-0.5,5,Dionne Skyner,dskynerj5@hubpages.com,United States,0.5,6.75,33.75,Arabica,Medium,No,Colorado Springs,80935,United States,dskynerj5@hubpages.com,No,0,+1 (719) 937-4913,0,Ara,0.5,6.75,0.6074999999999999,2021,2,5,May,Sunday,21,True,2021-05,3.0374999999999996,9.0,Budget (<$7),Medium,Spring,High
SEC-91807-425,2021-01-31,94091-86957-HX,A-M-1,2,Jimmy Dymoke,jdymokeje@prnewswire.com,Ireland,1.0,11.25,22.5,Arabica,Medium,No,Beaumont,D17,Ireland,jdymokeje@prnewswire.com,No,0,+353 (390) 459-9269,0,Ara,1.0,11.25,1.0125,2021,1,1,January,Sunday,4,True,2021-01,2.025,9.0,Premium ($10-14),Large,Winter,Medium
MHM-44857-599,2019-09-12,26295-44907-DK,L-D-1,1,Ambrosio Weinmann,aweinmannj8@shinystat.com,United States,1.0,12.95,12.95,Libriac,Dark,No,Cincinnati,45999,United States,aweinmannj8@shinystat.com,No,0,+1 (513) 966-3308,0,Lib,1.0,12.95,1.6835,2019,3,9,September,Thursday,37,False,2019-09,1.6835,13.0,Premium ($10-14),Large,Autumn,Low
KGC-95046-911,2020-06-30,95351-96177-QV,A-M-2.5,2,Elden Andriessen,eandriessenj9@europa.eu,United States,2.5,25.874999999999996,51.74999999999999,Arabica,Medium,Yes,Saint Louis,63121,United States,eandriessenj9@europa.eu,Yes,0,+1 (314) 307-5250,0,Ara,2.5,25.874999999999996,2.3287499999999994,2020,2,6,June,Tuesday,27,False,2020-06,4.657499999999999,9.0,Luxury (>$14),XL,Summer,High
RZC-75150-413,2020-03-25,92204-96636-BS,E-D-0.5,5,Roxie Deaconson,rdeaconsonja@archive.org,United States,0.5,7.29,36.45,Excelsa,Dark,No,Yonkers,10705,United States,rdeaconsonja@archive.org,No,0,+1 (914) 524-1161,0,Exc,0.5,7.29,0.8019000000000001,2020,1,3,March,Wednesday,13,False,2020-03,4.0095,11.0,Standard ($7-10),Medium,Spring,High
EYH-88288-452,2021-04-14,03010-30348-UA,L-L-2.5,5,Davida Caro,dcarojb@twitter.com,United States,2.5,36.455,182.27499999999998,Libriac,Large,Yes,Baltimore,21290,United States,dcarojb@twitter.com,Yes,0,+1 (410) 594-3041,0,Lib,2.5,36.455,4.7391499999999995,2021,2,4,April,Wednesday,15,False,2021-04,23.695749999999997,13.0,Luxury (>$14),XL,Spring,Top
NYQ-24237-772,2019-08-16,13441-34686-SW,L-D-0.5,4,Johna Bluck,jbluckjc@imageshack.us,United States,0.5,7.77,31.08,Libriac,Dark,No,Jacksonville,32230,United States,jbluckjc@imageshack.us,No,0,+1 (904) 875-3139,0,Lib,0.5,7.77,1.0101,2019,3,8,August,Friday,33,False,2019-08,4.0404,13.0,Standard ($7-10),Medium,Summer,High
THE-61147-027,2019-12-31,94091-86957-HX,L-D-1,2,Jimmy Dymoke,jdymokeje@prnewswire.com,Ireland,1.0,12.95,25.9,Libriac,Dark,No,Beaumont,D17,Ireland,jdymokeje@prnewswire.com,No,0,+353 (390) 459-9269,0,Lib,1.0,12.95,1.6835,2019,4,12,December,Tuesday,1,False,2019-12,3.367,13.0,Premium ($10-14),Large,Winter,Medium
PTY-86420-119,2021-04-12,25504-41681-WA,A-D-0.5,4,Orland Tadman,otadmanjf@ft.com,United States,0.5,5.97,23.88,Arabica,Dark,Yes,Miami,33196,United States,otadmanjf@ft.com,Yes,0,+1 (305) 205-3682,0,Ara,0.5,5.97,0.5373,2021,2,4,April,Monday,15,False,2021-04,2.1492,9.0,Budget (<$7),Medium,Spring,Medium
QHL-27188-431,2019-09-28,75443-07820-DZ,L-L-0.5,2,Barrett Gudde,bguddejg@dailymotion.com,United States,0.5,9.51,19.02,Libriac,Large,No,San Francisco,94121,United States,bguddejg@dailymotion.com,No,0,UNKNOWN,1,Lib,0.5,9.51,1.2363,2019,3,9,September,Saturday,39,True,2019-09,2.4726,13.0,Standard ($7-10),Medium,Autumn,Medium
MIS-54381-047,2022-06-15,39276-95489-XV,A-D-0.5,5,Nathan Sictornes,nsictornesjh@buzzfeed.com,Ireland,0.5,5.97,29.849999999999998,Arabica,Dark,Yes,Sandyford,D04,Ireland,nsictornesjh@buzzfeed.com,Yes,0,+353 (410) 713-0145,0,Ara,0.5,5.97,0.5373,2022,2,6,June,Wednesday,24,False,2022-06,2.6865,9.0,Budget (<$7),Medium,Summer,High
TBB-29780-459,2019-07-15,61437-83623-PZ,A-L-0.5,1,Vivyan Dunning,vdunningji@independent.co.uk,United States,0.5,7.77,7.77,Arabica,Large,Yes,Punta Gorda,33982,United States,vdunningji@independent.co.uk,Yes,0,UNKNOWN,1,Ara,0.5,7.77,0.6992999999999999,2019,3,7,July,Monday,29,False,2019-07,0.6992999999999999,9.0,Standard ($7-10),Medium,Summer,Low
ASS-05878-128,2020-10-10,66580-33745-OQ,E-L-0.5,2,Shelley Gehring,sgehringjl@gnu.org,United States,0.5,8.91,17.82,Excelsa,Large,No,Spartanburg,29305,United States,sgehringjl@gnu.org,No,0,+1 (864) 940-7075,0,Exc,0.5,8.91,0.9801,2020,4,10,October,Saturday,41,True,2020-10,1.9602,11.0,Standard ($7-10),Medium,Autumn,Medium
EGK-03027-418,2021-06-06,19820-29285-FD,E-M-0.2,3,Barrie Fallowes,bfallowesjm@purevolume.com,United States,0.2,4.125,12.375,Excelsa,Medium,No,Bakersfield,93305,United States,bfallowesjm@purevolume.com,No,0,+1 (805) 975-3527,0,Exc,0.2,4.125,0.45375,2021,2,6,June,Sunday,22,True,2021-06,1.36125,11.0,Budget (<$7),Small,Summer,Low
BLI-21697-702,2019-12-05,21141-12455-VB,A-M-0.5,2,Shelli De Banke,sdejo@newsvine.com,United States,0.5,6.75,13.5,Arabica,Medium,Yes,Saint Louis,63169,United States,sdejo@newsvine.com,Yes,0,+1 (314) 496-2561,0,Ara,0.5,6.75,0.6074999999999999,2019,4,12,December,Thursday,49,False,2019-12,1.2149999999999999,9.0,Budget (<$7),Medium,Winter,Low
SOK-43535-680,2022-04-04,58443-95866-YO,E-M-0.5,3,Stearne Count,scountjq@nba.com,United States,0.5,8.25,24.75,Excelsa,Medium,No,Young America,55564,United States,scountjq@nba.com,No,0,+1 (952) 721-7276,0,Exc,0.5,8.25,0.9075,2022,2,4,April,Monday,14,False,2022-04,2.7225,11.0,Standard ($7-10),Medium,Spring,Medium
XUE-87260-201,2022-02-08,89646-21249-OH,R-M-0.2,6,Selia Ragles,sraglesjr@blogtalkradio.com,United States,0.2,2.985,17.91,Robusta,Medium,No,Fort Smith,72905,United States,sraglesjr@blogtalkradio.com,No,0,+1 (479) 494-1369,0,Rob,0.2,2.985,0.17909999999999998,2022,1,2,February,Tuesday,6,False,2022-02,1.0745999999999998,6.0,Budget (<$7),Small,Winter,Medium
AIA-98989-755,2020-05-09,34704-83143-KS,R-M-0.2,1,Sacha Bruun,sbruunjt@blogtalkradio.com,United States,0.2,2.985,2.985,Robusta,Medium,No,Stockton,95210,United States,sbruunjt@blogtalkradio.com,No,0,+1 (209) 784-1969,0,Rob,0.2,2.985,0.17909999999999998,2020,2,5,May,Saturday,19,True,2020-05,0.17909999999999998,6.0,Budget (<$7),Small,Spring,Low
ITZ-21793-986,2021-06-11,67388-17544-XX,E-D-0.2,4,Alon Pllu,aplluju@dagondesign.com,Ireland,0.2,3.645,14.58,Excelsa,Dark,Yes,Navan,D11,Ireland,aplluju@dagondesign.com,Yes,0,+353 (915) 742-6707,0,Exc,0.2,3.645,0.40095000000000003,2021,2,6,June,Friday,23,False,2021-06,1.6038000000000001,11.0,Budget (<$7),Small,Summer,Low
YOK-93322-608,2021-11-04,69411-48470-ID,E-L-1,6,Gilberto Cornier,gcornierjv@techcrunch.com,United States,1.0,14.85,89.1,Excelsa,Large,No,Tampa,33686,United States,gcornierjv@techcrunch.com,No,0,UNKNOWN,1,Exc,1.0,14.85,1.6335,2021,4,11,November,Thursday,44,False,2021-11,9.801,11.0,Luxury (>$14),Large,Autumn,Top
LXK-00634-611,2022-02-20,94091-86957-HX,R-L-1,3,Jimmy Dymoke,jdymokeje@prnewswire.com,Ireland,1.0,11.95,35.849999999999994,Robusta,Large,No,Beaumont,D17,Ireland,jdymokeje@prnewswire.com,No,0,+353 (390) 459-9269,0,Rob,1.0,11.95,0.717,2022,1,2,February,Sunday,7,True,2022-02,2.151,6.0,Premium ($10-14),Large,Winter,High
CQW-37388-302,2019-07-03,97741-98924-KT,A-D-2.5,3,Willabella Harvison,wharvisonjx@gizmodo.com,United States,2.5,22.884999999999998,68.655,Arabica,Dark,No,Philadelphia,19104,United States,wharvisonjx@gizmodo.com,No,0,+1 (610) 316-8430,0,Ara,2.5,22.884999999999998,2.0596499999999995,2019,3,7,July,Wednesday,27,False,2019-07,6.178949999999999,9.0,Luxury (>$14),XL,Summer,Top
SPA-79365-334,2021-06-01,79857-78167-KO,L-D-1,3,Darice Heaford,dheafordjy@twitpic.com,United States,1.0,12.95,38.849999999999994,Libriac,Dark,No,San Angelo,76905,United States,dheafordjy@twitpic.com,No,0,+1 (325) 537-8835,0,Lib,1.0,12.95,1.6835,2021,2,6,June,Tuesday,22,False,2021-06,5.0504999999999995,13.0,Premium ($10-14),Large,Summer,High
VPX-08817-517,2020-11-15,46963-10322-ZA,L-L-1,5,Granger Fantham,gfanthamjz@hexun.com,United States,1.0,15.85,79.25,Libriac,Large,Yes,Los Angeles,90035,United States,gfanthamjz@hexun.com,Yes,0,+1 (323) 878-8818,0,Lib,1.0,15.85,2.0605,2020,4,11,November,Sunday,46,True,2020-11,10.302500000000002,13.0,Luxury (>$14),Large,Autumn,Top
PBP-87115-410,2021-01-19,93812-74772-MV,E-D-0.5,5,Reynolds Crookshanks,rcrookshanksk0@unc.edu,United States,0.5,7.29,36.45,Excelsa,Dark,Yes,Lansing,48912,United States,rcrookshanksk0@unc.edu,Yes,0,+1 (517) 654-6004,0,Exc,0.5,7.29,0.8019000000000001,2021,1,1,January,Tuesday,3,False,2021-01,4.0095,11.0,Standard ($7-10),Medium,Winter,High
SFB-93752-440,2021-10-10,48203-23480-UB,R-M-0.2,3,Niels Leake,nleakek1@cmu.edu,United States,0.2,2.985,8.955,Robusta,Medium,Yes,Clearwater,34615,United States,nleakek1@cmu.edu,Yes,0,+1 (786) 470-1233,0,Rob,0.2,2.985,0.17909999999999998,2021,4,10,October,Sunday,40,True,2021-10,0.5372999999999999,6.0,Budget (<$7),Small,Autumn,Low
TEH-08414-216,2021-10-01,35099-13971-JI,E-M-2.5,2,Gay Eilhersen,geilhersenk3@networksolutions.com,United States,2.5,31.624999999999996,63.24999999999999,Excelsa,Medium,No,Fresno,93773,United States,geilhersenk3@networksolutions.com,No,0,+1 (559) 791-5117,0,Exc,2.5,31.624999999999996,3.47875,2021,4,10,October,Friday,39,False,2021-10,6.9575,11.0,Luxury (>$14),XL,Autumn,Top
ATY-28980-884,2020-07-31,50705-17295-NK,A-L-0.2,6,Cristina Aleixo,caleixok5@globo.com,United States,0.2,3.885,23.31,Arabica,Large,No,Colorado Springs,80935,United States,caleixok5@globo.com,No,0,+1 (719) 241-4639,0,Ara,0.2,3.885,0.34964999999999996,2020,3,7,July,Friday,31,False,2020-07,2.0978999999999997,9.0,Budget (<$7),Small,Summer,Medium
VCE-56531-986,2021-03-09,57192-13428-PL,R-M-0.5,5,Rikki Tomkowicz,rtomkowiczk7@bravesites.com,Ireland,0.5,5.97,29.849999999999998,Robusta,Medium,Yes,Lusk,K45,Ireland,rtomkowiczk7@bravesites.com,Yes,0,+353 (849) 645-1593,0,Rob,0.5,5.97,0.35819999999999996,2021,1,3,March,Tuesday,10,False,2021-03,1.791,6.0,Budget (<$7),Medium,Spring,High
FVV-75700-005,2020-11-20,24891-77957-LU,E-D-0.5,3,Rochette Huscroft,rhuscroftk8@jimdo.com,United States,0.5,7.29,21.87,Excelsa,Dark,Yes,Reno,89510,United States,rhuscroftk8@jimdo.com,Yes,0,+1 (775) 223-5044,0,Exc,0.5,7.29,0.8019000000000001,2020,4,11,November,Friday,47,False,2020-11,2.4057000000000004,11.0,Standard ($7-10),Medium,Autumn,Medium
CFZ-53492-600,2022-03-14,64896-18468-BT,L-M-0.2,1,Selle Scurrer,sscurrerk9@flavors.me,United Kingdom,0.2,4.365,4.365,Libriac,Medium,No,Upton,DN21,United Kingdom,sscurrerk9@flavors.me,No,0,+44 (520) 402-1303,0,Lib,0.2,4.365,0.56745,2022,1,3,March,Monday,11,False,2022-03,0.56745,13.0,Budget (<$7),Small,Spring,Low
LDK-71031-121,2019-01-10,84761-40784-SV,L-L-2.5,1,Andie Rudram,arudramka@prnewswire.com,United States,2.5,36.455,36.455,Libriac,Large,No,Las Vegas,89155,United States,arudramka@prnewswire.com,No,0,+1 (702) 333-7442,0,Lib,2.5,36.455,4.7391499999999995,2019,1,1,January,Thursday,2,False,2019-01,4.7391499999999995,13.0,Luxury (>$14),XL,Winter,High
USA-42811-560,2021-04-26,49671-11547-WG,E-L-0.2,2,Jacquelyn Maha,jmahakc@cyberchimps.com,United States,0.2,4.455,8.91,Excelsa,Large,No,Reno,89550,United States,jmahakc@cyberchimps.com,No,0,+1 (702) 238-8287,0,Exc,0.2,4.455,0.49005,2021,2,4,April,Monday,17,False,2021-04,0.9801,11.0,Budget (<$7),Small,Spring,Low
SNL-83703-516,2022-01-04,57976-33535-WK,L-M-2.5,3,Glory Clemon,gclemonkd@networksolutions.com,United States,2.5,33.464999999999996,100.39499999999998,Libriac,Medium,Yes,Tuscaloosa,35487,United States,gclemonkd@networksolutions.com,Yes,0,+1 (205) 681-2376,0,Lib,2.5,33.464999999999996,4.3504499999999995,2022,1,1,January,Tuesday,1,False,2022-01,13.05135,13.0,Luxury (>$14),XL,Winter,Top
RGM-01187-513,2022-07-15,28121-11641-UA,E-D-0.2,6,Babb Pollins,bpollinskf@shinystat.com,United States,0.2,3.645,21.87,Excelsa,Dark,No,Shawnee Mission,66225,United States,bpollinskf@shinystat.com,No,0,UNKNOWN,1,Exc,0.2,3.645,0.40095000000000003,2022,3,7,July,Friday,28,False,2022-07,2.4057000000000004,11.0,Budget (<$7),Small,Summer,Medium
CZG-01299-952,2019-02-12,09540-70637-EV,L-D-1,2,Jarret Toye,jtoyekg@pinterest.com,Ireland,1.0,12.95,25.9,Libriac,Dark,Yes,Ballivor,D17,Ireland,jtoyekg@pinterest.com,Yes,0,+353 (587) 270-6561,0,Lib,1.0,12.95,1.6835,2019,1,2,February,Tuesday,7,False,2019-02,3.367,13.0,Premium ($10-14),Large,Winter,Medium
KLD-88731-484,2021-09-08,17775-77072-PP,A-M-1,5,Carlie Linskill,clinskillkh@sphinn.com,United States,1.0,11.25,56.25,Arabica,Medium,No,Cincinnati,45228,United States,clinskillkh@sphinn.com,No,0,+1 (513) 743-7556,0,Ara,1.0,11.25,1.0125,2021,3,9,September,Wednesday,36,False,2021-09,5.0625,9.0,Premium ($10-14),Large,Autumn,High
BQK-38412-229,2019-12-13,90392-73338-BC,R-L-0.2,3,Natal Vigrass,nvigrasski@ezinearticles.com,United Kingdom,0.2,3.5849999999999995,10.754999999999999,Robusta,Large,No,Whitwell,DL10,United Kingdom,nvigrasski@ezinearticles.com,No,0,+44 (336) 257-7415,0,Rob,0.2,3.5849999999999995,0.21509999999999996,2019,4,12,December,Friday,50,False,2019-12,0.6452999999999999,6.0,Budget (<$7),Small,Winter,Low
TCX-76953-071,2021-08-25,94091-86957-HX,E-D-0.2,5,Jimmy Dymoke,jdymokeje@prnewswire.com,Ireland,0.2,3.645,18.225,Excelsa,Dark,No,Beaumont,D17,Ireland,jdymokeje@prnewswire.com,No,0,+353 (390) 459-9269,0,Exc,0.2,3.645,0.40095000000000003,2021,3,8,August,Wednesday,34,False,2021-08,2.00475,11.0,Budget (<$7),Small,Summer,Medium
LIN-88046-551,2022-03-23,10725-45724-CO,R-L-0.5,4,Kandace Cragell,kcragellkk@google.com,Ireland,0.5,7.169999999999999,28.679999999999996,Robusta,Large,No,Dungarvan,T56,Ireland,kcragellkk@google.com,No,0,+353 (458) 634-2269,0,Rob,0.5,7.169999999999999,0.4301999999999999,2022,1,3,March,Wednesday,12,False,2022-03,1.7207999999999997,6.0,Standard ($7-10),Medium,Spring,Medium
PMV-54491-220,2019-04-11,87242-18006-IR,L-M-0.2,2,Lyon Ibert,libertkl@huffingtonpost.com,United States,0.2,4.365,8.73,Libriac,Medium,No,Sunnyvale,94089,United States,libertkl@huffingtonpost.com,No,0,+1 (408) 546-0790,0,Lib,0.2,4.365,0.56745,2019,2,4,April,Thursday,15,False,2019-04,1.1349,13.0,Budget (<$7),Small,Spring,Low
SKA-73676-005,2020-10-29,36572-91896-PP,L-M-1,4,Reese Lidgey,rlidgeykm@vimeo.com,United States,1.0,14.55,58.2,Libriac,Medium,No,Memphis,38188,United States,rlidgeykm@vimeo.com,No,0,+1 (901) 276-4141,0,Lib,1.0,14.55,1.8915000000000002,2020,4,10,October,Thursday,44,False,2020-10,7.566000000000001,13.0,Luxury (>$14),Large,Autumn,High
TKH-62197-239,2020-07-30,25181-97933-UX,A-D-0.5,3,Tersina Castagne,tcastagnekn@wikia.com,United States,0.5,5.97,17.91,Arabica,Dark,No,Orlando,32868,United States,tcastagnekn@wikia.com,No,0,+1 (407) 154-6967,0,Ara,0.5,5.97,0.5373,2020,3,7,July,Thursday,31,False,2020-07,1.6118999999999999,9.0,Budget (<$7),Medium,Summer,Medium
PKJ-30083-501,2021-12-27,76948-43532-JS,E-D-0.5,2,Jordana Halden,jhaldenkp@comcast.net,Ireland,0.5,7.29,14.58,Excelsa,Dark,No,Clones,H23,Ireland,jhaldenkp@comcast.net,No,0,+353 (278) 873-4395,0,Exc,0.5,7.29,0.8019000000000001,2021,4,12,December,Monday,52,False,2021-12,1.6038000000000001,11.0,Standard ($7-10),Medium,Winter,Low
WTT-91832-645,2019-10-03,24344-88599-PP,A-M-1,3,Hussein Olliff,holliffkq@sciencedirect.com,Ireland,1.0,11.25,33.75,Arabica,Medium,No,Stradbally,Y34,Ireland,holliffkq@sciencedirect.com,No,0,+353 (203) 716-7239,0,Ara,1.0,11.25,1.0125,2019,4,10,October,Thursday,40,False,2019-10,3.0374999999999996,9.0,Premium ($10-14),Large,Autumn,High
TRZ-94735-865,2019-02-05,54462-58311-YF,L-M-0.5,4,Teddi Quadri,tquadrikr@opensource.org,Ireland,0.5,8.73,34.92,Libriac,Medium,Yes,Ballina,F26,Ireland,tquadrikr@opensource.org,Yes,0,+353 (789) 442-3189,0,Lib,0.5,8.73,1.1349,2019,1,2,February,Tuesday,6,False,2019-02,4.5396,13.0,Standard ($7-10),Medium,Winter,High
UDB-09651-780,2020-08-31,90767-92589-LV,E-D-0.5,2,Felita Eshmade,feshmadeks@umn.edu,United States,0.5,7.29,14.58,Excelsa,Dark,No,Richmond,23203,United States,feshmadeks@umn.edu,No,0,+1 (804) 531-4136,0,Exc,0.5,7.29,0.8019000000000001,2020,3,8,August,Monday,36,False,2020-08,1.6038000000000001,11.0,Standard ($7-10),Medium,Summer,Low
EHJ-82097-549,2021-01-13,27517-43747-YD,R-D-0.2,2,Melodie OIlier,moilierkt@paginegialle.it,Ireland,0.2,2.6849999999999996,5.369999999999999,Robusta,Dark,Yes,Glasnevin,D11,Ireland,moilierkt@paginegialle.it,Yes,0,+353 (675) 503-7567,0,Rob,0.2,2.6849999999999996,0.16109999999999997,2021,1,1,January,Wednesday,2,False,2021-01,0.32219999999999993,6.0,Budget (<$7),Small,Winter,Low
NUU-03893-975,2020-01-17,41054-59693-XE,L-L-0.5,2,Vinny Shoebotham,vshoebothamkv@redcross.org,United States,0.5,9.51,19.02,Libriac,Large,No,Brooklyn,11254,United States,vshoebothamkv@redcross.org,No,0,+1 (212) 998-0802,0,Lib,0.5,9.51,1.2363,2020,1,1,January,Friday,3,False,2020-01,2.4726,13.0,Standard ($7-10),Medium,Winter,Medium
GVG-59542-307,2019-07-02,26314-66792-VP,E-M-1,2,Bran Sterke,bsterkekw@biblegateway.com,United States,1.0,13.75,27.5,Excelsa,Medium,Yes,Fort Worth,76198,United States,bsterkekw@biblegateway.com,Yes,0,+1 (682) 617-0470,0,Exc,1.0,13.75,1.5125,2019,3,7,July,Tuesday,27,False,2019-07,3.025,11.0,Premium ($10-14),Large,Summer,Medium
YLY-35287-172,2022-05-23,69410-04668-MA,A-D-0.5,5,Simone Capon,scaponkx@craigslist.org,United States,0.5,5.97,29.849999999999998,Arabica,Dark,No,Phoenix,85053,United States,scaponkx@craigslist.org,No,0,+1 (602) 619-0168,0,Ara,0.5,5.97,0.5373,2022,2,5,May,Monday,21,False,2022-05,2.6865,9.0,Budget (<$7),Medium,Spring,High
DCI-96254-548,2022-06-14,94091-86957-HX,A-D-0.2,6,Jimmy Dymoke,jdymokeje@prnewswire.com,Ireland,0.2,2.985,17.91,Arabica,Dark,No,Beaumont,D17,Ireland,jdymokeje@prnewswire.com,No,0,+353 (390) 459-9269,0,Ara,0.2,2.985,0.26865,2022,2,6,June,Tuesday,24,False,2022-06,1.6118999999999999,9.0,Budget (<$7),Small,Summer,Medium
KHZ-26264-253,2021-07-20,24972-55878-KX,L-L-0.2,6,Foster Constance,fconstancekz@ifeng.com,United States,0.2,4.755,28.53,Libriac,Large,No,Dallas,75287,United States,fconstancekz@ifeng.com,No,0,+1 (214) 388-6754,0,Lib,0.2,4.755,0.61815,2021,3,7,July,Tuesday,29,False,2021-07,3.7089,13.0,Budget (<$7),Small,Summer,Medium
AAQ-13644-699,2022-06-03,46296-42617-OQ,R-D-1,4,Fernando Sulman,fsulmanl0@washington.edu,United States,1.0,8.95,35.8,Robusta,Dark,Yes,Asheville,28805,United States,fsulmanl0@washington.edu,Yes,0,+1 (828) 464-2678,0,Rob,1.0,8.95,0.5369999999999999,2022,2,6,June,Friday,22,False,2022-06,2.1479999999999997,6.0,Standard ($7-10),Large,Summer,High
LWL-68108-794,2020-05-26,44494-89923-UW,A-D-0.5,3,Dorotea Hollyman,dhollymanl1@ibm.com,United States,0.5,5.97,17.91,Arabica,Dark,Yes,Billings,59112,United States,dhollymanl1@ibm.com,Yes,0,+1 (406) 851-1244,0,Ara,0.5,5.97,0.5373,2020,2,5,May,Tuesday,22,False,2020-05,1.6118999999999999,9.0,Budget (<$7),Medium,Spring,Medium
JQT-14347-517,2019-07-26,11621-09964-ID,R-D-1,1,Lorelei Nardoni,lnardonil2@hao123.com,United States,1.0,8.95,8.95,Robusta,Dark,No,Saint Louis,63126,United States,lnardonil2@hao123.com,No,0,UNKNOWN,1,Rob,1.0,8.95,0.5369999999999999,2019,3,7,July,Friday,30,False,2019-07,0.5369999999999999,6.0,Standard ($7-10),Large,Summer,Low
BMM-86471-923,2020-10-22,76319-80715-II,L-D-2.5,1,Dallas Yarham,dyarhaml3@moonfruit.com,United States,2.5,29.784999999999997,29.784999999999997,Libriac,Dark,Yes,Independence,64054,United States,dyarhaml3@moonfruit.com,Yes,0,+1 (816) 213-5248,0,Lib,2.5,29.784999999999997,3.8720499999999998,2020,4,10,October,Thursday,43,False,2020-10,3.8720499999999998,13.0,Luxury (>$14),XL,Autumn,High
IXU-67272-326,2020-12-24,91654-79216-IC,E-L-0.5,5,Arlana Ferrea,aferreal4@wikia.com,United States,0.5,8.91,44.55,Excelsa,Large,No,Greensboro,27404,United States,aferreal4@wikia.com,No,0,UNKNOWN,1,Exc,0.5,8.91,0.9801,2020,4,12,December,Thursday,52,False,2020-12,4.9005,11.0,Standard ($7-10),Medium,Winter,High
ITE-28312-615,2019-09-06,56450-21890-HK,E-L-1,6,Chuck Kendrick,ckendrickl5@webnode.com,United States,1.0,14.85,89.1,Excelsa,Large,Yes,Monroe,71213,United States,ckendrickl5@webnode.com,Yes,0,UNKNOWN,1,Exc,1.0,14.85,1.6335,2019,3,9,September,Friday,36,False,2019-09,9.801,11.0,Luxury (>$14),Large,Autumn,Top
ZHQ-30471-635,2019-04-08,40600-58915-WZ,L-M-0.5,5,Sharona Danilchik,sdanilchikl6@mit.edu,United Kingdom,0.5,8.73,43.650000000000006,Libriac,Medium,No,Halton,LS9,United Kingdom,sdanilchikl6@mit.edu,No,0,+44 (292) 975-0144,0,Lib,0.5,8.73,1.1349,2019,2,4,April,Monday,15,False,2019-04,5.6745,13.0,Standard ($7-10),Medium,Spring,High
ZVQ-26122-859,2019-11-28,77154-45038-IH,A-L-2.5,6,Bobby Folomkin,bfolomkinl8@yolasite.com,United States,2.5,29.784999999999997,178.70999999999998,Arabica,Large,Yes,Fargo,58122,United States,bfolomkinl8@yolasite.com,Yes,0,+1 (701) 278-8412,0,Ara,2.5,29.784999999999997,2.6806499999999995,2019,4,11,November,Thursday,48,False,2019-11,16.083899999999996,9.0,Luxury (>$14),XL,Autumn,Top
MIU-01481-194,2019-07-21,08439-55669-AI,R-M-1,6,Rafferty Pursglove,rpursglovel9@biblegateway.com,United States,1.0,9.95,59.699999999999996,Robusta,Medium,Yes,Garland,75044,United States,rpursglovel9@biblegateway.com,Yes,0,+1 (214) 813-8745,0,Rob,1.0,9.95,0.597,2019,3,7,July,Sunday,29,True,2019-07,3.582,6.0,Standard ($7-10),Large,Summer,Top
MIU-01481-194,2019-07-21,08439-55669-AI,A-L-0.5,2,Rafferty Pursglove,rpursglovel9@biblegateway.com,United States,0.5,7.77,15.54,Arabica,Large,Yes,Garland,75044,United States,rpursglovel9@biblegateway.com,Yes,0,+1 (214) 813-8745,0,Ara,0.5,7.77,0.6992999999999999,2019,3,7,July,Sunday,29,True,2019-07,1.3985999999999998,9.0,Standard ($7-10),Medium,Summer,Low
UEA-72681-629,2021-03-12,24972-55878-KX,A-L-2.5,3,Foster Constance,fconstancekz@ifeng.com,United States,2.5,29.784999999999997,89.35499999999999,Arabica,Large,No,Dallas,75287,United States,fconstancekz@ifeng.com,No,0,+1 (214) 388-6754,0,Ara,2.5,29.784999999999997,2.6806499999999995,2021,1,3,March,Friday,10,False,2021-03,8.041949999999998,9.0,Luxury (>$14),XL,Spring,Top
CVE-15042-481,2022-01-01,24972-55878-KX,R-L-1,2,Foster Constance,fconstancekz@ifeng.com,United States,1.0,11.95,23.9,Robusta,Large,No,Dallas,75287,United States,fconstancekz@ifeng.com,No,0,+1 (214) 388-6754,0,Rob,1.0,11.95,0.717,2022,1,1,January,Saturday,52,True,2022-01,1.434,6.0,Premium ($10-14),Large,Winter,Medium
EJA-79176-833,2020-03-22,91509-62250-GN,R-M-2.5,6,Dalia Eburah,deburahld@google.co.jp,United Kingdom,2.5,22.884999999999998,137.31,Robusta,Medium,No,Birmingham,B12,United Kingdom,deburahld@google.co.jp,No,0,+44 (607) 596-3921,0,Rob,2.5,22.884999999999998,1.3730999999999998,2020,1,3,March,Sunday,12,True,2020-03,8.238599999999998,6.0,Luxury (>$14),XL,Spring,Top
AHQ-40440-522,2020-09-18,83833-46106-ZC,A-D-1,1,Martie Brimilcombe,mbrimilcombele@cnn.com,United States,1.0,9.95,9.95,Arabica,Dark,No,Springfield,22156,United States,mbrimilcombele@cnn.com,No,0,UNKNOWN,1,Ara,1.0,9.95,0.8954999999999999,2020,3,9,September,Friday,38,False,2020-09,0.8954999999999999,9.0,Standard ($7-10),Large,Autumn,Low
TID-21626-411,2019-01-03,19383-33606-PW,R-L-0.5,3,Suzanna Bollam,sbollamlf@list-manage.com,United States,0.5,7.169999999999999,21.509999999999998,Robusta,Large,No,Littleton,80126,United States,sbollamlf@list-manage.com,No,0,+1 (303) 746-0415,0,Rob,0.5,7.169999999999999,0.4301999999999999,2019,1,1,January,Thursday,1,False,2019-01,1.2905999999999997,6.0,Standard ($7-10),Medium,Winter,Medium
BZE-96093-118,2021-10-19,43452-18035-DH,L-M-0.2,2,Alva Filipczak,afilipczaklh@ning.com,Ireland,0.2,4.365,8.73,Libriac,Medium,No,Moycullen,A41,Ireland,afilipczaklh@ning.com,No,0,+353 (176) 447-3656,0,Lib,0.2,4.365,0.56745,2021,4,10,October,Tuesday,42,False,2021-10,1.1349,13.0,Budget (<$7),Small,Autumn,Low
FND-99527-640,2021-07-19,89574-96203-EP,E-L-0.5,2,Rhetta Elnaugh,relnaughlj@comsenz.com,United States,0.5,8.91,17.82,Excelsa,Large,Yes,San Diego,92191,United States,relnaughlj@comsenz.com,Yes,0,+1 (619) 728-2474,0,Exc,0.5,8.91,0.9801,2021,3,7,July,Monday,29,False,2021-07,1.9602,11.0,Standard ($7-10),Medium,Summer,Medium
ASG-27179-958,2021-12-10,12607-75113-UV,A-M-0.5,3,Jule Deehan,jdeehanlk@about.me,United States,0.5,6.75,20.25,Arabica,Medium,No,Dallas,75216,United States,jdeehanlk@about.me,No,0,+1 (972) 327-1194,0,Ara,0.5,6.75,0.6074999999999999,2021,4,12,December,Friday,49,False,2021-12,1.8224999999999998,9.0,Budget (<$7),Medium,Winter,Medium
YKX-23510-272,2019-03-17,56991-05510-PR,A-L-2.5,2,Janella Eden,jedenll@e-recht24.de,United States,2.5,29.784999999999997,59.56999999999999,Arabica,Large,No,Joliet,60435,United States,jedenll@e-recht24.de,No,0,UNKNOWN,1,Ara,2.5,29.784999999999997,2.6806499999999995,2019,1,3,March,Sunday,11,True,2019-03,5.361299999999999,9.0,Luxury (>$14),XL,Spring,Top
FSA-98650-921,2020-02-28,01841-48191-NL,L-L-0.5,2,Cam Jewster,cjewsterlu@moonfruit.com,United States,0.5,9.51,19.02,Libriac,Large,Yes,Dayton,45426,United States,cjewsterlu@moonfruit.com,Yes,0,+1 (937) 925-7390,0,Lib,0.5,9.51,1.2363,2020,1,2,February,Friday,9,False,2020-02,2.4726,13.0,Standard ($7-10),Medium,Winter,Medium
ZUR-55774-294,2020-06-03,33269-10023-CO,L-D-1,6,Ugo Southerden,usoutherdenln@hao123.com,United States,1.0,12.95,77.69999999999999,Libriac,Dark,Yes,Clearwater,34620,United States,usoutherdenln@hao123.com,Yes,0,+1 (786) 490-0037,0,Lib,1.0,12.95,1.6835,2020,2,6,June,Wednesday,23,False,2020-06,10.100999999999999,13.0,Premium ($10-14),Large,Summer,Top
YVH-19865-819,2019-11-09,08946-56610-IH,L-L-2.5,4,Lacee Burtenshaw,lburtenshawlp@shinystat.com,United States,2.5,36.455,145.82,Libriac,Large,No,Lawrenceville,30045,United States,lburtenshawlp@shinystat.com,No,0,+1 (678) 536-4251,0,Lib,2.5,36.455,4.7391499999999995,2019,4,11,November,Saturday,45,True,2019-11,18.956599999999998,13.0,Luxury (>$14),XL,Autumn,Top
NNF-47422-501,2020-03-07,20260-32948-EB,E-L-0.2,6,Adorne Gregoratti,agregorattilq@vistaprint.com,Ireland,0.2,4.455,26.73,Excelsa,Large,No,Malahide,K36,Ireland,agregorattilq@vistaprint.com,No,0,+353 (773) 508-6581,0,Exc,0.2,4.455,0.49005,2020,1,3,March,Saturday,10,True,2020-03,2.9402999999999997,11.0,Budget (<$7),Small,Spring,Medium
RJI-71409-490,2021-04-26,31613-41626-KX,L-M-0.5,5,Chris Croster,ccrosterlr@gov.uk,United States,0.5,8.73,43.650000000000006,Libriac,Medium,Yes,Tampa,33673,United States,ccrosterlr@gov.uk,Yes,0,+1 (813) 621-3097,0,Lib,0.5,8.73,1.1349,2021,2,4,April,Monday,17,False,2021-04,5.6745,13.0,Standard ($7-10),Medium,Spring,High
UZL-46108-213,2021-11-11,75961-20170-RD,L-L-1,2,Graeme Whitehead,gwhiteheadls@hp.com,United States,1.0,15.85,31.7,Libriac,Large,No,Nashville,37240,United States,gwhiteheadls@hp.com,No,0,UNKNOWN,1,Lib,1.0,15.85,2.0605,2021,4,11,November,Thursday,45,False,2021-11,4.121,13.0,Luxury (>$14),Large,Autumn,High
AOX-44467-109,2021-06-15,72524-06410-KD,A-D-2.5,1,Haslett Jodrelle,hjodrellelt@samsung.com,United States,2.5,22.884999999999998,22.884999999999998,Arabica,Dark,No,Miami,33175,United States,hjodrellelt@samsung.com,No,0,+1 (305) 334-0992,0,Ara,2.5,22.884999999999998,2.0596499999999995,2021,2,6,June,Tuesday,24,False,2021-06,2.0596499999999995,9.0,Luxury (>$14),XL,Summer,Medium
TZD-67261-174,2020-02-27,01841-48191-NL,E-D-2.5,1,Cam Jewster,cjewsterlu@moonfruit.com,United States,2.5,27.945,27.945,Excelsa,Dark,Yes,Dayton,45426,United States,cjewsterlu@moonfruit.com,Yes,0,+1 (937) 925-7390,0,Exc,2.5,27.945,3.07395,2020,1,2,February,Thursday,9,False,2020-02,3.07395,11.0,Luxury (>$14),XL,Winter,Medium
TYP-85767-944,2022-07-29,51497-50894-WU,R-M-2.5,2,Kaela Nottram,knottramlw@odnoklassniki.ru,Ireland,2.5,22.884999999999998,45.769999999999996,Robusta,Medium,Yes,Arklow,Y14,Ireland,knottramlw@odnoklassniki.ru,Yes,0,+353 (549) 358-7019,0,Rob,2.5,22.884999999999998,1.3730999999999998,2022,3,7,July,Friday,30,False,2022-07,2.7461999999999995,6.0,Luxury (>$14),XL,Summer,High
GTT-73214-334,2019-01-20,98636-90072-YE,A-L-1,6,Nobe Buney,nbuneylx@jugem.jp,United States,1.0,12.95,77.69999999999999,Arabica,Large,No,Richmond,94807,United States,nbuneylx@jugem.jp,No,0,+1 (510) 973-7084,0,Ara,1.0,12.95,1.1655,2019,1,1,January,Sunday,3,True,2019-01,6.993,9.0,Premium ($10-14),Large,Winter,Top
WAI-89905-069,2022-02-21,47011-57815-HJ,A-L-0.5,3,Silvan McShea,smcshealy@photobucket.com,United States,0.5,7.77,23.31,Arabica,Large,No,Olympia,98506,United States,smcshealy@photobucket.com,No,0,+1 (360) 578-2262,0,Ara,0.5,7.77,0.6992999999999999,2022,1,2,February,Monday,8,False,2022-02,2.0978999999999997,9.0,Standard ($7-10),Medium,Winter,Medium
OJL-96844-459,2020-05-03,61253-98356-VD,L-L-0.2,5,Karylin Huddart,khuddartlz@about.com,United States,0.2,4.755,23.775,Libriac,Large,Yes,Arlington,76011,United States,khuddartlz@about.com,Yes,0,+1 (214) 931-4518,0,Lib,0.2,4.755,0.61815,2020,2,5,May,Sunday,18,True,2020-05,3.09075,13.0,Budget (<$7),Small,Spring,Medium
VGI-33205-360,2019-03-21,96762-10814-DA,L-M-0.5,6,Jereme Gippes,jgippesm0@cloudflare.com,United Kingdom,0.5,8.73,52.38,Libriac,Medium,Yes,Twyford,LE14,United Kingdom,jgippesm0@cloudflare.com,Yes,0,+44 (185) 319-5850,0,Lib,0.5,8.73,1.1349,2019,1,3,March,Thursday,12,False,2019-03,6.8094,13.0,Standard ($7-10),Medium,Spring,High
PCA-14081-576,2019-06-13,63112-10870-LC,R-L-0.2,5,Lukas Whittlesee,lwhittleseem1@e-recht24.de,United States,0.2,3.5849999999999995,17.924999999999997,Robusta,Large,No,Roanoke,24009,United States,lwhittleseem1@e-recht24.de,No,0,+1 (540) 413-9605,0,Rob,0.2,3.5849999999999995,0.21509999999999996,2019,2,6,June,Thursday,24,False,2019-06,1.0755,6.0,Budget (<$7),Small,Summer,Medium
SCS-67069-962,2020-06-05,21403-49423-PD,A-L-2.5,5,Gregorius Trengrove,gtrengrovem2@elpais.com,United States,2.5,29.784999999999997,148.92499999999998,Arabica,Large,No,New Hyde Park,11044,United States,gtrengrovem2@elpais.com,No,0,+1 (516) 513-7620,0,Ara,2.5,29.784999999999997,2.6806499999999995,2020,2,6,June,Friday,23,False,2020-06,13.403249999999998,9.0,Luxury (>$14),XL,Summer,Top
BDM-03174-485,2019-03-16,29581-13303-VB,R-L-0.5,4,Wright Caldero,wcalderom3@stumbleupon.com,United States,0.5,7.169999999999999,28.679999999999996,Robusta,Large,No,Anaheim,92825,United States,wcalderom3@stumbleupon.com,No,0,+1 (714) 117-5483,0,Rob,0.5,7.169999999999999,0.4301999999999999,2019,1,3,March,Saturday,11,True,2019-03,1.7207999999999997,6.0,Standard ($7-10),Medium,Spring,Medium
FLI-11493-954,2022-07-09,80454-42225-FT,A-L-0.5,4,Jed Kennicott,jkennicottm5@yahoo.co.jp,United States,0.5,7.77,31.08,Arabica,Large,No,Tampa,33673,United States,jkennicottm5@yahoo.co.jp,No,0,+1 (813) 579-8389,0,Ara,0.5,7.77,0.6992999999999999,2022,3,7,July,Saturday,27,True,2022-07,2.7971999999999997,9.0,Standard ($7-10),Medium,Summer,High
IWL-13117-537,2020-04-29,29129-60664-KO,R-D-0.2,3,Guenevere Ruggen,gruggenm6@nymag.com,United States,0.2,2.6849999999999996,8.055,Robusta,Dark,Yes,San Jose,95138,United States,gruggenm6@nymag.com,Yes,0,+1 (408) 211-2306,0,Rob,0.2,2.6849999999999996,0.16109999999999997,2020,2,4,April,Wednesday,18,False,2020-04,0.4832999999999999,6.0,Budget (<$7),Small,Spring,Low
UMB-11223-710,2021-02-13,49012-12987-QT,R-D-0.2,6,Man Fright,mfrightm8@harvard.edu,Ireland,0.2,2.6849999999999996,16.11,Robusta,Dark,No,Daingean,E91,Ireland,mfrightm8@harvard.edu,No,0,+353 (955) 108-0675,0,Rob,0.2,2.6849999999999996,0.16109999999999997,2021,1,2,February,Saturday,6,True,2021-02,0.9665999999999998,6.0,Budget (<$7),Small,Winter,Medium
LXR-09892-726,2020-07-13,50924-94200-SQ,R-D-2.5,2,Boyce Tarte,btartem9@aol.com,United States,2.5,20.584999999999997,41.169999999999995,Robusta,Dark,Yes,Olympia,98506,United States,btartem9@aol.com,Yes,0,+1 (360) 927-6561,0,Rob,2.5,20.584999999999997,1.2350999999999999,2020,3,7,July,Monday,29,False,2020-07,2.4701999999999997,6.0,Luxury (>$14),XL,Summer,High
QXX-89943-393,2020-03-12,15673-18812-IU,R-D-0.2,4,Caddric Krzysztofiak,ckrzysztofiakma@skyrock.com,United States,0.2,2.6849999999999996,10.739999999999998,Robusta,Dark,No,Mesquite,75185,United States,ckrzysztofiakma@skyrock.com,No,0,+1 (972) 782-4187,0,Rob,0.2,2.6849999999999996,0.16109999999999997,2020,1,3,March,Thursday,11,False,2020-03,0.6443999999999999,6.0,Budget (<$7),Small,Spring,Low
WVS-57822-366,2020-05-04,52151-75971-YY,E-M-2.5,4,Darn Penquet,dpenquetmb@diigo.com,United States,2.5,31.624999999999996,126.49999999999999,Excelsa,Medium,No,Sacramento,94207,United States,dpenquetmb@diigo.com,No,0,UNKNOWN,1,Exc,2.5,31.624999999999996,3.47875,2020,2,5,May,Monday,19,False,2020-05,13.915,11.0,Luxury (>$14),XL,Spring,Top
KHG-33953-115,2021-12-13,78226-97287-JI,L-D-0.5,3,Koren Ferretti,kferrettimf@huffingtonpost.com,Ireland,0.5,7.77,23.31,Libriac,Dark,No,Balrothery,K32,Ireland,kferrettimf@huffingtonpost.com,No,0,+353 (526) 215-2582,0,Lib,0.5,7.77,1.0101,2021,4,12,December,Monday,50,False,2021-12,3.0303,13.0,Standard ($7-10),Medium,Winter,Medium
CNJ-56058-223,2020-08-11,40780-22081-LX,L-L-0.5,3,Alberta Balsdone,abalsdonemi@toplist.cz,United States,0.5,9.51,28.53,Libriac,Large,No,Largo,34643,United States,abalsdonemi@toplist.cz,No,0,+1 (863) 490-5370,0,Lib,0.5,9.51,1.2363,2020,3,8,August,Tuesday,33,False,2020-08,3.7089,13.0,Standard ($7-10),Medium,Summer,Medium
KHO-27106-786,2020-10-10,01603-43789-TN,A-M-1,6,Brice Romera,bromeramj@list-manage.com,Ireland,1.0,11.25,67.5,Arabica,Medium,Yes,Foxrock,D04,Ireland,bromeramj@list-manage.com,Yes,0,+353 (640) 110-9801,0,Ara,1.0,11.25,1.0125,2020,4,10,October,Saturday,41,True,2020-10,6.074999999999999,9.0,Premium ($10-14),Large,Autumn,Top
KHO-27106-786,2020-10-10,01603-43789-TN,L-D-2.5,6,Brice Romera,bromeramj@list-manage.com,Ireland,2.5,29.784999999999997,178.70999999999998,Libriac,Dark,Yes,Foxrock,D04,Ireland,bromeramj@list-manage.com,Yes,0,+353 (640) 110-9801,0,Lib,2.5,29.784999999999997,3.8720499999999998,2020,4,10,October,Saturday,41,True,2020-10,23.2323,13.0,Luxury (>$14),XL,Autumn,Top
YAC-50329-982,2020-12-08,75419-92838-TI,E-M-2.5,1,Conchita Bryde,cbrydeml@tuttocitta.it,United States,2.5,31.624999999999996,31.624999999999996,Excelsa,Medium,Yes,Oklahoma City,73179,United States,cbrydeml@tuttocitta.it,Yes,0,+1 (405) 497-2199,0,Exc,2.5,31.624999999999996,3.47875,2020,4,12,December,Tuesday,50,False,2020-12,3.47875,11.0,Luxury (>$14),XL,Winter,High
VVL-95291-039,2019-04-18,96516-97464-MF,E-L-0.2,2,Silvanus Enefer,senefermm@blog.com,United States,0.2,4.455,8.91,Excelsa,Large,No,Washington,20051,United States,senefermm@blog.com,No,0,+1 (202) 877-3473,0,Exc,0.2,4.455,0.49005,2019,2,4,April,Thursday,16,False,2019-04,0.9801,11.0,Budget (<$7),Small,Spring,Low
VUT-20974-364,2021-01-04,90285-56295-PO,R-M-0.5,6,Lenci Haggerstone,lhaggerstonemn@independent.co.uk,United States,0.5,5.97,35.82,Robusta,Medium,No,Atlanta,30351,United States,lhaggerstonemn@independent.co.uk,No,0,+1 (770) 779-0007,0,Rob,0.5,5.97,0.35819999999999996,2021,1,1,January,Monday,1,False,2021-01,2.1491999999999996,6.0,Budget (<$7),Medium,Winter,High
SFC-34054-213,2019-03-10,08100-71102-HQ,L-L-0.5,4,Marvin Gundry,mgundrymo@omniture.com,Ireland,0.5,9.51,38.04,Libriac,Large,No,Castlebridge,R14,Ireland,mgundrymo@omniture.com,No,0,+353 (500) 164-9392,0,Lib,0.5,9.51,1.2363,2019,1,3,March,Sunday,10,True,2019-03,4.9452,13.0,Standard ($7-10),Medium,Spring,High
UDS-04807-593,2019-11-29,84074-28110-OV,L-D-0.5,2,Bayard Wellan,bwellanmp@cafepress.com,United States,0.5,7.77,15.54,Libriac,Dark,No,Buffalo,14276,United States,bwellanmp@cafepress.com,No,0,UNKNOWN,1,Lib,0.5,7.77,1.0101,2019,4,11,November,Friday,48,False,2019-11,2.0202,13.0,Standard ($7-10),Medium,Autumn,Medium
RAU-17060-674,2020-06-26,12747-63766-EU,L-L-0.2,1,Caddric Atcheson,catchesonmr@xinhuanet.com,United States,0.2,4.755,4.755,Libriac,Large,Yes,Washington,20470,United States,catchesonmr@xinhuanet.com,Yes,0,+1 (202) 975-7723,0,Lib,0.2,4.755,0.61815,2020,2,6,June,Friday,26,False,2020-06,0.61815,13.0,Budget (<$7),Small,Summer,Low
AOL-13866-711,2019-02-14,83490-88357-LJ,E-M-1,4,Eustace Stenton,estentonms@google.it,United States,1.0,13.75,55.0,Excelsa,Medium,Yes,Austin,78764,United States,estentonms@google.it,Yes,0,+1 (512) 819-1430,0,Exc,1.0,13.75,1.5125,2019,1,2,February,Thursday,7,False,2019-02,6.05,11.0,Premium ($10-14),Large,Winter,High
NOA-79645-377,2020-11-09,53729-30320-XZ,R-D-0.5,5,Ericka Tripp,etrippmt@wp.com,United States,0.5,5.369999999999999,26.849999999999994,Robusta,Dark,No,Mesa,85205,United States,etrippmt@wp.com,No,0,+1 (602) 971-9708,0,Rob,0.5,5.369999999999999,0.32219999999999993,2020,4,11,November,Monday,46,False,2020-11,1.6109999999999998,6.0,Budget (<$7),Medium,Autumn,Medium
KMS-49214-806,2019-04-30,50384-52703-LA,E-L-2.5,4,Lyndsey MacManus,lmacmanusmu@imdb.com,United States,2.5,34.154999999999994,136.61999999999998,Excelsa,Large,No,Savannah,31416,United States,lmacmanusmu@imdb.com,No,0,+1 (912) 191-6620,0,Exc,2.5,34.154999999999994,3.7570499999999996,2019,2,4,April,Tuesday,18,False,2019-04,15.028199999999998,11.0,Luxury (>$14),XL,Spring,Top
ABK-08091-531,2020-10-30,53864-36201-FG,L-L-1,3,Tess Benediktovich,tbenediktovichmv@ebay.com,United States,1.0,15.85,47.55,Libriac,Large,Yes,Albuquerque,87140,United States,tbenediktovichmv@ebay.com,Yes,0,+1 (505) 523-8113,0,Lib,1.0,15.85,2.0605,2020,4,10,October,Friday,44,False,2020-10,6.181500000000001,13.0,Luxury (>$14),Large,Autumn,High
GPT-67705-953,2019-11-12,70631-33225-MZ,A-M-0.2,5,Correy Bourner,cbournermw@chronoengine.com,United States,0.2,3.375,16.875,Arabica,Medium,Yes,Charlotte,28299,United States,cbournermw@chronoengine.com,Yes,0,UNKNOWN,1,Ara,0.2,3.375,0.30374999999999996,2019,4,11,November,Tuesday,46,False,2019-11,1.5187499999999998,9.0,Budget (<$7),Small,Autumn,Medium
JNA-21450-177,2022-02-11,54798-14109-HC,A-D-1,3,Odelia Skerme,oskermen3@hatena.ne.jp,United States,1.0,9.95,29.849999999999998,Arabica,Dark,Yes,Oklahoma City,73167,United States,oskermen3@hatena.ne.jp,Yes,0,+1 (405) 615-0298,0,Ara,1.0,9.95,0.8954999999999999,2022,1,2,February,Friday,6,False,2022-02,2.6864999999999997,9.0,Standard ($7-10),Large,Winter,High
MPQ-23421-608,2021-03-28,08023-52962-ET,E-M-0.5,5,Kandy Heddan,kheddanmy@icq.com,United States,0.5,8.25,41.25,Excelsa,Medium,Yes,Pensacola,32575,United States,kheddanmy@icq.com,Yes,0,+1 (850) 796-6812,0,Exc,0.5,8.25,0.9075,2021,1,3,March,Sunday,12,True,2021-03,4.5375,11.0,Standard ($7-10),Medium,Spring,High
NLI-63891-565,2021-12-10,41899-00283-VK,E-M-0.2,5,Ibby Charters,ichartersmz@abc.net.au,United States,0.2,4.125,20.625,Excelsa,Medium,No,Washington,20470,United States,ichartersmz@abc.net.au,No,0,+1 (202) 710-9776,0,Exc,0.2,4.125,0.45375,2021,4,12,December,Friday,49,False,2021-12,2.26875,11.0,Budget (<$7),Small,Winter,Medium
HHF-36647-854,2021-11-05,39011-18412-GR,A-D-2.5,6,Adora Roubert,aroubertn0@tmall.com,United States,2.5,22.884999999999998,137.31,Arabica,Dark,Yes,Port Saint Lucie,34985,United States,aroubertn0@tmall.com,Yes,0,+1 (772) 366-6549,0,Ara,2.5,22.884999999999998,2.0596499999999995,2021,4,11,November,Friday,44,False,2021-11,12.357899999999997,9.0,Luxury (>$14),XL,Autumn,Top
SBN-16537-046,2020-02-29,60255-12579-PZ,A-D-0.2,1,Hillel Mairs,hmairsn1@so-net.ne.jp,United States,0.2,2.985,2.985,Arabica,Dark,No,Huntington,25705,United States,hmairsn1@so-net.ne.jp,No,0,+1 (304) 834-9665,0,Ara,0.2,2.985,0.26865,2020,1,2,February,Saturday,9,True,2020-02,0.26865,9.0,Budget (<$7),Small,Winter,Low
XZD-44484-632,2021-08-06,80541-38332-BP,E-M-1,2,Helaina Rainforth,hrainforthn2@blog.com,United States,1.0,13.75,27.5,Excelsa,Medium,No,Philadelphia,19172,United States,hrainforthn2@blog.com,No,0,+1 (215) 607-9440,0,Exc,1.0,13.75,1.5125,2021,3,8,August,Friday,31,False,2021-08,3.025,11.0,Premium ($10-14),Large,Summer,Medium
XZD-44484-632,2021-08-06,80541-38332-BP,A-D-0.2,2,Helaina Rainforth,hrainforthn2@blog.com,United States,0.2,2.985,5.97,Arabica,Dark,No,Philadelphia,19172,United States,hrainforthn2@blog.com,No,0,+1 (215) 607-9440,0,Ara,0.2,2.985,0.26865,2021,3,8,August,Friday,31,False,2021-08,0.5373,9.0,Budget (<$7),Small,Summer,Low
IKQ-39946-768,2021-03-19,72778-50968-UQ,R-M-1,6,Isac Jesper,ijespern4@theglobeandmail.com,United States,1.0,9.95,59.699999999999996,Robusta,Medium,No,Naples,34114,United States,ijespern4@theglobeandmail.com,No,0,+1 (239) 918-0943,0,Rob,1.0,9.95,0.597,2021,1,3,March,Friday,11,False,2021-03,3.582,6.0,Standard ($7-10),Large,Spring,Top
KMB-95211-174,2021-04-16,23941-30203-MO,R-D-2.5,4,Lenette Dwerryhouse,ldwerryhousen5@gravatar.com,United States,2.5,20.584999999999997,82.33999999999999,Robusta,Dark,Yes,Fort Worth,76105,United States,ldwerryhousen5@gravatar.com,Yes,0,+1 (682) 812-1698,0,Rob,2.5,20.584999999999997,1.2350999999999999,2021,2,4,April,Friday,15,False,2021-04,4.9403999999999995,6.0,Luxury (>$14),XL,Spring,Top
QWY-99467-368,2020-11-06,96434-50068-DZ,A-D-2.5,1,Nadeen Broomer,nbroomern6@examiner.com,United States,2.5,22.884999999999998,22.884999999999998,Arabica,Dark,No,Omaha,68117,United States,nbroomern6@examiner.com,No,0,+1 (402) 219-2018,0,Ara,2.5,22.884999999999998,2.0596499999999995,2020,4,11,November,Friday,45,False,2020-11,2.0596499999999995,9.0,Luxury (>$14),XL,Autumn,Medium
SRG-76791-614,2021-03-15,11729-74102-XB,E-L-0.5,1,Konstantine Thoumasson,kthoumassonn7@bloglovin.com,United States,0.5,8.91,8.91,Excelsa,Large,Yes,Tucson,85732,United States,kthoumassonn7@bloglovin.com,Yes,0,UNKNOWN,1,Exc,0.5,8.91,0.9801,2021,1,3,March,Monday,11,False,2021-03,0.9801,11.0,Standard ($7-10),Medium,Spring,Low
VSN-94485-621,2021-10-17,88116-12604-TE,A-D-0.2,4,Frans Habbergham,fhabberghamn8@discovery.com,United States,0.2,2.985,11.94,Arabica,Dark,No,Sparks,89436,United States,fhabberghamn8@discovery.com,No,0,+1 (775) 814-9362,0,Ara,0.2,2.985,0.26865,2021,4,10,October,Sunday,41,True,2021-10,1.0746,9.0,Budget (<$7),Small,Autumn,Low
UKS-93055-397,2022-07-13,13082-41034-PD,A-D-2.5,5,Romain Avrashin,ravrashinna@tamu.edu,United States,2.5,22.884999999999998,114.42499999999998,Arabica,Dark,No,Washington,20067,United States,ravrashinna@tamu.edu,No,0,+1 (202) 973-9890,0,Ara,2.5,22.884999999999998,2.0596499999999995,2022,3,7,July,Wednesday,28,False,2022-07,10.298249999999998,9.0,Luxury (>$14),XL,Summer,Top
AVH-56062-335,2021-11-21,18082-74419-QH,E-M-0.5,5,Miran Doidge,mdoidgenb@etsy.com,United States,0.5,8.25,41.25,Excelsa,Medium,No,Salinas,93907,United States,mdoidgenb@etsy.com,No,0,+1 (831) 955-4716,0,Exc,0.5,8.25,0.9075,2021,4,11,November,Sunday,46,True,2021-11,4.5375,11.0,Standard ($7-10),Medium,Autumn,High
HGE-19842-613,2022-01-13,49401-45041-ZU,R-L-0.5,4,Janeva Edinboro,jedinboronc@reverbnation.com,United States,0.5,7.169999999999999,28.679999999999996,Robusta,Large,Yes,Fort Lauderdale,33345,United States,jedinboronc@reverbnation.com,Yes,0,+1 (754) 219-4187,0,Rob,0.5,7.169999999999999,0.4301999999999999,2022,1,1,January,Thursday,2,False,2022-01,1.7207999999999997,6.0,Standard ($7-10),Medium,Winter,Medium
WBA-85905-175,2022-07-13,41252-45992-VS,L-M-0.2,1,Trumaine Tewelson,ttewelsonnd@cdbaby.com,United States,0.2,4.365,4.365,Libriac,Medium,No,El Paso,88553,United States,ttewelsonnd@cdbaby.com,No,0,UNKNOWN,1,Lib,0.2,4.365,0.56745,2022,3,7,July,Wednesday,28,False,2022-07,0.56745,13.0,Budget (<$7),Small,Summer,Low
DZI-35365-596,2021-11-02,54798-14109-HC,E-M-0.2,2,Odelia Skerme,oskermen3@hatena.ne.jp,United States,0.2,4.125,8.25,Excelsa,Medium,Yes,Oklahoma City,73167,United States,oskermen3@hatena.ne.jp,Yes,0,+1 (405) 615-0298,0,Exc,0.2,4.125,0.45375,2021,4,11,November,Tuesday,44,False,2021-11,0.9075,11.0,Budget (<$7),Small,Autumn,Low
XIR-88982-743,2021-07-10,00852-54571-WP,E-M-0.2,2,De Drewitt,ddrewittnf@mapquest.com,United States,0.2,4.125,8.25,Excelsa,Medium,Yes,Alexandria,22313,United States,ddrewittnf@mapquest.com,Yes,0,+1 (571) 504-1175,0,Exc,0.2,4.125,0.45375,2021,3,7,July,Saturday,27,True,2021-07,0.9075,11.0,Budget (<$7),Small,Summer,Low
VUC-72395-865,2021-10-07,13321-57602-GK,A-D-0.5,6,Adelheid Gladhill,agladhillng@stanford.edu,United States,0.5,5.97,35.82,Arabica,Dark,Yes,Baltimore,21290,United States,agladhillng@stanford.edu,Yes,0,+1 (410) 991-5601,0,Ara,0.5,5.97,0.5373,2021,4,10,October,Thursday,40,False,2021-10,3.2237999999999998,9.0,Budget (<$7),Medium,Autumn,High
BQJ-44755-910,2020-02-28,75006-89922-VW,E-D-2.5,6,Murielle Lorinez,mlorineznh@whitehouse.gov,United States,2.5,27.945,167.67000000000002,Excelsa,Dark,No,Evansville,47732,United States,mlorineznh@whitehouse.gov,No,0,UNKNOWN,1,Exc,2.5,27.945,3.07395,2020,1,2,February,Friday,9,False,2020-02,18.4437,11.0,Luxury (>$14),XL,Winter,Top
ZKI-78561-066,2021-09-21,60121-12432-VU,A-D-0.2,3,Mordy Van Der Vlies,mvannj@wikipedia.org,United States,0.2,2.985,8.955,Arabica,Dark,Yes,Mobile,36670,United States,mvannj@wikipedia.org,Yes,0,UNKNOWN,1,Ara,0.2,2.985,0.26865,2021,3,9,September,Tuesday,38,False,2021-09,0.8059499999999999,9.0,Budget (<$7),Small,Autumn,Low
MZL-81126-390,2022-03-08,48464-99723-HK,A-L-0.2,6,Jemimah Ethelston,jethelstonnl@creativecommons.org,United States,0.2,3.885,23.31,Arabica,Large,Yes,Hollywood,33023,United States,jethelstonnl@creativecommons.org,Yes,0,+1 (954) 385-3551,0,Ara,0.2,3.885,0.34964999999999996,2022,1,3,March,Tuesday,10,False,2022-03,2.0978999999999997,9.0,Budget (<$7),Small,Spring,Medium
MZL-81126-390,2022-03-08,48464-99723-HK,A-M-0.2,2,Jemimah Ethelston,jethelstonnl@creativecommons.org,United States,0.2,3.375,6.75,Arabica,Medium,Yes,Hollywood,33023,United States,jethelstonnl@creativecommons.org,Yes,0,+1 (954) 385-3551,0,Ara,0.2,3.375,0.30374999999999996,2022,1,3,March,Tuesday,10,False,2022-03,0.6074999999999999,9.0,Budget (<$7),Small,Spring,Low
TVF-57766-608,2020-03-10,88420-46464-XE,L-D-0.5,1,Perice Eberz,peberznn@woothemes.com,United States,0.5,7.77,7.77,Libriac,Dark,Yes,Chico,95973,United States,peberznn@woothemes.com,Yes,0,+1 (530) 938-1204,0,Lib,0.5,7.77,1.0101,2020,1,3,March,Tuesday,11,False,2020-03,1.0101,13.0,Standard ($7-10),Medium,Spring,Low
RUX-37995-892,2021-11-27,37762-09530-MP,L-D-2.5,4,Bear Gaish,bgaishno@altervista.org,United States,2.5,29.784999999999997,119.13999999999999,Libriac,Dark,Yes,Austin,78737,United States,bgaishno@altervista.org,Yes,0,UNKNOWN,1,Lib,2.5,29.784999999999997,3.8720499999999998,2021,4,11,November,Saturday,47,True,2021-11,15.488199999999999,13.0,Luxury (>$14),XL,Autumn,Top
AVK-76526-953,2021-03-04,47268-50127-XY,A-D-1,2,Lynnea Danton,ldantonnp@miitbeian.gov.cn,United States,1.0,9.95,19.9,Arabica,Dark,No,El Paso,88546,United States,ldantonnp@miitbeian.gov.cn,No,0,UNKNOWN,1,Ara,1.0,9.95,0.8954999999999999,2021,1,3,March,Thursday,9,False,2021-03,1.7909999999999997,9.0,Standard ($7-10),Large,Spring,Medium
RIU-02231-623,2021-11-16,25544-84179-QC,R-L-0.5,5,Skipton Morrall,smorrallnq@answers.com,United States,0.5,7.169999999999999,35.849999999999994,Robusta,Large,Yes,Charleston,25326,United States,smorrallnq@answers.com,Yes,0,+1 (304) 897-5422,0,Rob,0.5,7.169999999999999,0.4301999999999999,2021,4,11,November,Tuesday,46,False,2021-11,2.151,6.0,Standard ($7-10),Medium,Autumn,High
WFK-99317-827,2019-06-16,32058-76765-ZL,L-D-2.5,3,Devan Crownshaw,dcrownshawnr@photobucket.com,United States,2.5,29.784999999999997,89.35499999999999,Libriac,Dark,No,Allentown,18105,United States,dcrownshawnr@photobucket.com,No,0,+1 (610) 576-4733,0,Lib,2.5,29.784999999999997,3.8720499999999998,2019,2,6,June,Sunday,24,True,2019-06,11.61615,13.0,Luxury (>$14),XL,Summer,Top
SFD-00372-284,2020-07-19,54798-14109-HC,L-M-0.2,2,Odelia Skerme,oskermen3@hatena.ne.jp,United States,0.2,4.365,8.73,Libriac,Medium,Yes,Oklahoma City,73167,United States,oskermen3@hatena.ne.jp,Yes,0,+1 (405) 615-0298,0,Lib,0.2,4.365,0.56745,2020,3,7,July,Sunday,29,True,2020-07,1.1349,13.0,Budget (<$7),Small,Summer,Low
SXC-62166-515,2020-02-28,69171-65646-UC,R-L-2.5,5,Joceline Reddoch,jreddochnt@sun.com,United States,2.5,27.484999999999996,137.42499999999998,Robusta,Large,No,Largo,34643,United States,jreddochnt@sun.com,No,0,+1 (863) 742-5292,0,Rob,2.5,27.484999999999996,1.6490999999999998,2020,1,2,February,Friday,9,False,2020-02,8.2455,6.0,Luxury (>$14),XL,Winter,Top
YIE-87008-621,2019-06-22,22503-52799-MI,L-M-0.5,4,Shelley Titley,stitleynu@whitehouse.gov,United States,0.5,8.73,34.92,Libriac,Medium,No,Fargo,58122,United States,stitleynu@whitehouse.gov,No,0,+1 (701) 350-6149,0,Lib,0.5,8.73,1.1349,2019,2,6,June,Saturday,25,True,2019-06,4.5396,13.0,Standard ($7-10),Medium,Summer,High
HRM-94548-288,2019-09-08,08934-65581-ZI,A-L-2.5,6,Redd Simao,rsimaonv@simplemachines.org,United States,2.5,29.784999999999997,178.70999999999998,Arabica,Large,No,Fort Smith,72905,United States,rsimaonv@simplemachines.org,No,0,+1 (479) 898-5090,0,Ara,2.5,29.784999999999997,2.6806499999999995,2019,3,9,September,Sunday,36,True,2019-09,16.083899999999996,9.0,Luxury (>$14),XL,Autumn,Top
TWD-70988-853,2019-12-03,87519-68847-ZG,L-D-1,6,Noel Chisholm,nchisholmnx@example.com,United States,1.0,12.95,77.69999999999999,Libriac,Dark,Yes,Knoxville,37924,United States,nchisholmnx@example.com,Yes,0,+1 (865) 228-1100,0,Lib,1.0,12.95,1.6835,2019,4,12,December,Tuesday,49,False,2019-12,10.100999999999999,13.0,Premium ($10-14),Large,Winter,Top
CIX-22904-641,2019-09-17,78012-56878-UB,R-M-1,1,Grazia Oats,goatsny@live.com,United States,1.0,9.95,9.95,Robusta,Medium,Yes,Los Angeles,90030,United States,goatsny@live.com,Yes,0,+1 (213) 813-1072,0,Rob,1.0,9.95,0.597,2019,3,9,September,Tuesday,38,False,2019-09,0.597,6.0,Standard ($7-10),Large,Autumn,Low
DLV-65840-759,2022-05-31,77192-72145-RG,L-M-1,2,Meade Birkin,mbirkinnz@java.com,United States,1.0,14.55,29.1,Libriac,Medium,Yes,Miami,33169,United States,mbirkinnz@java.com,Yes,0,+1 (954) 431-7206,0,Lib,1.0,14.55,1.8915000000000002,2022,2,5,May,Tuesday,22,False,2022-05,3.7830000000000004,13.0,Luxury (>$14),Large,Spring,Medium
RXN-55491-201,2019-10-21,86071-79238-CX,R-L-0.2,6,Ronda Pyson,rpysono0@constantcontact.com,Ireland,0.2,3.5849999999999995,21.509999999999998,Robusta,Large,No,Clones,H23,Ireland,rpysono0@constantcontact.com,No,0,+353 (836) 436-1472,0,Rob,0.2,3.5849999999999995,0.21509999999999996,2019,4,10,October,Monday,43,False,2019-10,1.2905999999999997,6.0,Budget (<$7),Small,Autumn,Medium
UHK-63283-868,2022-04-24,16809-16936-WF,A-M-0.5,1,Modesty MacConnechie,mmacconnechieo9@reuters.com,United States,0.5,6.75,6.75,Arabica,Medium,Yes,Charleston,25362,United States,mmacconnechieo9@reuters.com,Yes,0,+1 (304) 620-6008,0,Ara,0.5,6.75,0.6074999999999999,2022,2,4,April,Sunday,16,True,2022-04,0.6074999999999999,9.0,Budget (<$7),Medium,Spring,Low
PJC-31401-893,2021-01-13,11212-69985-ZJ,A-D-0.5,3,Rafaela Treacher,rtreachero2@usa.gov,Ireland,0.5,5.97,17.91,Arabica,Dark,No,Greystones,A63,Ireland,rtreachero2@usa.gov,No,0,+353 (552) 867-2244,0,Ara,0.5,5.97,0.5373,2021,1,1,January,Wednesday,2,False,2021-01,1.6118999999999999,9.0,Budget (<$7),Medium,Winter,Medium
HHO-79903-185,2022-08-19,53893-01719-CL,A-L-2.5,1,Bee Fattorini,bfattorinio3@quantcast.com,Ireland,2.5,29.784999999999997,29.784999999999997,Arabica,Large,Yes,Monaghan,H18,Ireland,bfattorinio3@quantcast.com,Yes,0,UNKNOWN,1,Ara,2.5,29.784999999999997,2.6806499999999995,2022,3,8,August,Friday,33,False,2022-08,2.6806499999999995,9.0,Luxury (>$14),XL,Summer,High
YWM-07310-594,2019-03-02,66028-99867-WJ,E-M-0.5,5,Margie Palleske,mpalleskeo4@nyu.edu,United States,0.5,8.25,41.25,Excelsa,Medium,Yes,Pompano Beach,33064,United States,mpalleskeo4@nyu.edu,Yes,0,+1 (561) 371-1596,0,Exc,0.5,8.25,0.9075,2019,1,3,March,Saturday,9,True,2019-03,4.5375,11.0,Standard ($7-10),Medium,Spring,High
WQK-10857-119,2021-09-21,96849-52854-CR,E-D-0.5,1,Filip Antcliffe,fantcliffeo6@amazon.co.jp,Ireland,0.5,7.29,7.29,Excelsa,Dark,Yes,Clonskeagh,D04,Ireland,fantcliffeo6@amazon.co.jp,Yes,0,+353 (581) 217-6697,0,Exc,0.5,7.29,0.8019000000000001,2021,3,9,September,Tuesday,38,False,2021-09,0.8019000000000001,11.0,Standard ($7-10),Medium,Autumn,Low
DXA-50313-073,2019-08-30,19755-55847-VW,E-L-1,2,Peyter Matignon,pmatignono7@harvard.edu,United Kingdom,1.0,14.85,29.7,Excelsa,Large,Yes,Kirkton,KW10,United Kingdom,pmatignono7@harvard.edu,Yes,0,+44 (792) 626-3977,0,Exc,1.0,14.85,1.6335,2019,3,8,August,Friday,35,False,2019-08,3.267,11.0,Luxury (>$14),Large,Summer,High
ONW-00560-570,2019-02-25,32900-82606-BO,A-M-1,2,Claudie Weond,cweondo8@theglobeandmail.com,United States,1.0,11.25,22.5,Arabica,Medium,No,Asheville,28805,United States,cweondo8@theglobeandmail.com,No,0,+1 (828) 335-1268,0,Ara,1.0,11.25,1.0125,2019,1,2,February,Monday,9,False,2019-02,2.025,9.0,Premium ($10-14),Large,Winter,Medium
BRJ-19414-277,2019-09-17,16809-16936-WF,R-M-0.2,4,Modesty MacConnechie,mmacconnechieo9@reuters.com,United States,0.2,2.985,11.94,Robusta,Medium,Yes,Charleston,25362,United States,mmacconnechieo9@reuters.com,Yes,0,+1 (304) 620-6008,0,Rob,0.2,2.985,0.17909999999999998,2019,3,9,September,Tuesday,38,False,2019-09,0.7163999999999999,6.0,Budget (<$7),Small,Autumn,Low
MIQ-16322-908,2019-08-03,20118-28138-QD,A-L-1,2,Jaquenette Skentelbery,jskentelberyoa@paypal.com,United States,1.0,12.95,25.9,Arabica,Large,No,Houston,77281,United States,jskentelberyoa@paypal.com,No,0,+1 (713) 976-5419,0,Ara,1.0,12.95,1.1655,2019,3,8,August,Saturday,31,True,2019-08,2.331,9.0,Premium ($10-14),Large,Summer,Medium
MVO-39328-830,2021-02-26,84057-45461-AH,L-M-0.5,5,Orazio Comber,ocomberob@goo.gl,Ireland,0.5,8.73,43.650000000000006,Libriac,Medium,No,Confey,A86,Ireland,ocomberob@goo.gl,No,0,+353 (947) 836-2302,0,Lib,0.5,8.73,1.1349,2021,1,2,February,Friday,8,False,2021-02,5.6745,13.0,Standard ($7-10),Medium,Winter,High
MVO-39328-830,2021-02-26,84057-45461-AH,A-L-0.5,6,Orazio Comber,ocomberob@goo.gl,Ireland,0.5,7.77,46.62,Arabica,Large,No,Confey,A86,Ireland,ocomberob@goo.gl,No,0,+353 (947) 836-2302,0,Ara,0.5,7.77,0.6992999999999999,2021,1,2,February,Friday,8,False,2021-02,4.195799999999999,9.0,Standard ($7-10),Medium,Winter,High
NTJ-88319-746,2021-08-03,90882-88130-KQ,L-L-0.5,3,Zachary Tramel,ztramelod@netlog.com,United States,0.5,9.51,28.53,Libriac,Large,No,Newark,7195,United States,ztramelod@netlog.com,No,0,+1 (862) 925-5943,0,Lib,0.5,9.51,1.2363,2021,3,8,August,Tuesday,31,False,2021-08,3.7089,13.0,Standard ($7-10),Medium,Summer,Medium
KTO-53793-109,2019-11-21,17572-27091-AA,R-L-0.2,2,Constanta Hatfull,chatfullog@ebay.com,United States,0.2,3.5849999999999995,7.169999999999999,Robusta,Large,No,Rockford,61105,United States,chatfullog@ebay.com,No,0,+1 (815) 382-1966,0,Rob,0.2,3.5849999999999995,0.21509999999999996,2019,4,11,November,Thursday,47,False,2019-11,0.4301999999999999,6.0,Budget (<$7),Small,Autumn,Low
GPZ-36017-366,2019-07-01,65732-22589-OW,A-D-2.5,5,Kippie Marrison,kmarrisonoq@dropbox.com,United States,2.5,22.884999999999998,114.42499999999998,Arabica,Dark,Yes,Denver,80243,United States,kmarrisonoq@dropbox.com,Yes,0,+1 (303) 808-6803,0,Ara,2.5,22.884999999999998,2.0596499999999995,2019,3,7,July,Monday,27,False,2019-07,10.298249999999998,9.0,Luxury (>$14),XL,Summer,Top
BZP-33213-637,2020-05-05,77175-09826-SF,A-M-2.5,3,Lindon Agnolo,lagnolooj@pinterest.com,United States,2.5,25.874999999999996,77.62499999999999,Arabica,Medium,Yes,Tulsa,74108,United States,lagnolooj@pinterest.com,Yes,0,+1 (918) 228-6949,0,Ara,2.5,25.874999999999996,2.3287499999999994,2020,2,5,May,Tuesday,19,False,2020-05,6.986249999999998,9.0,Luxury (>$14),XL,Spring,Top
WFH-21507-708,2020-04-20,07237-32539-NB,R-D-0.5,1,Delainey Kiddy,dkiddyok@fda.gov,United States,0.5,5.369999999999999,5.369999999999999,Robusta,Dark,Yes,Fresno,93704,United States,dkiddyok@fda.gov,Yes,0,+1 (209) 103-3933,0,Rob,0.5,5.369999999999999,0.32219999999999993,2020,2,4,April,Monday,17,False,2020-04,0.32219999999999993,6.0,Budget (<$7),Medium,Spring,Low
HST-96923-073,2019-07-18,54722-76431-EX,R-D-2.5,6,Helli Petroulis,hpetroulisol@state.tx.us,Ireland,2.5,20.584999999999997,123.50999999999999,Robusta,Dark,No,Mullagh,V31,Ireland,hpetroulisol@state.tx.us,No,0,+353 (783) 893-0842,0,Rob,2.5,20.584999999999997,1.2350999999999999,2019,3,7,July,Thursday,29,False,2019-07,7.410599999999999,6.0,Luxury (>$14),XL,Summer,Top
ENN-79947-323,2021-11-18,67847-82662-TE,L-M-0.5,2,Marty Scholl,mschollom@taobao.com,United States,0.5,8.73,17.46,Libriac,Medium,No,San Francisco,94154,United States,mschollom@taobao.com,No,0,+1 (415) 613-5939,0,Lib,0.5,8.73,1.1349,2021,4,11,November,Thursday,46,False,2021-11,2.2698,13.0,Standard ($7-10),Medium,Autumn,Medium
BHA-47429-889,2020-06-20,51114-51191-EW,E-L-0.2,3,Kienan Ferson,kfersonon@g.co,United States,0.2,4.455,13.365,Excelsa,Large,No,Mobile,36689,United States,kfersonon@g.co,No,0,+1 (251) 291-1195,0,Exc,0.2,4.455,0.49005,2020,2,6,June,Saturday,25,True,2020-06,1.4701499999999998,11.0,Budget (<$7),Small,Summer,Low
SZY-63017-318,2021-04-06,91809-58808-TV,A-L-0.2,2,Blake Kelloway,bkellowayoo@omniture.com,United States,0.2,3.885,7.77,Arabica,Large,Yes,San Francisco,94110,United States,bkellowayoo@omniture.com,Yes,0,+1 (415) 757-3377,0,Ara,0.2,3.885,0.34964999999999996,2021,2,4,April,Tuesday,14,False,2021-04,0.6992999999999999,9.0,Budget (<$7),Small,Spring,Low
LCU-93317-340,2019-06-17,84996-26826-DK,R-D-0.2,1,Scarlett Oliffe,soliffeop@yellowbook.com,United States,0.2,2.6849999999999996,2.6849999999999996,Robusta,Dark,Yes,Jamaica,11470,United States,soliffeop@yellowbook.com,Yes,0,+1 (212) 198-9134,0,Rob,0.2,2.6849999999999996,0.16109999999999997,2019,2,6,June,Monday,25,False,2019-06,0.16109999999999997,6.0,Budget (<$7),Small,Summer,Low
UOM-71431-481,2022-03-26,65732-22589-OW,R-D-2.5,1,Kippie Marrison,kmarrisonoq@dropbox.com,United States,2.5,20.584999999999997,20.584999999999997,Robusta,Dark,Yes,Denver,80243,United States,kmarrisonoq@dropbox.com,Yes,0,+1 (303) 808-6803,0,Rob,2.5,20.584999999999997,1.2350999999999999,2022,1,3,March,Saturday,12,True,2022-03,1.2350999999999999,6.0,Luxury (>$14),XL,Spring,Medium
PJH-42618-877,2021-09-30,93676-95250-XJ,A-D-2.5,5,Celestia Dolohunty,cdolohuntyor@dailymail.co.uk,United States,2.5,22.884999999999998,114.42499999999998,Arabica,Dark,Yes,San Diego,92165,United States,cdolohuntyor@dailymail.co.uk,Yes,0,+1 (619) 353-0412,0,Ara,2.5,22.884999999999998,2.0596499999999995,2021,3,9,September,Thursday,39,False,2021-09,10.298249999999998,9.0,Luxury (>$14),XL,Autumn,Top
XED-90333-402,2019-06-19,28300-14355-GF,E-M-0.2,5,Patsy Vasilenko,pvasilenkoos@addtoany.com,United Kingdom,0.2,4.125,20.625,Excelsa,Medium,No,Preston,PR1,United Kingdom,pvasilenkoos@addtoany.com,No,0,+44 (116) 714-6469,0,Exc,0.2,4.125,0.45375,2019,2,6,June,Wednesday,25,False,2019-06,2.26875,11.0,Budget (<$7),Small,Summer,Medium
IKK-62234-199,2022-03-31,91190-84826-IQ,L-L-0.5,6,Raphaela Schankelborg,rschankelborgot@ameblo.jp,United States,0.5,9.51,57.06,Libriac,Large,Yes,Pittsburgh,15250,United States,rschankelborgot@ameblo.jp,Yes,0,UNKNOWN,1,Lib,0.5,9.51,1.2363,2022,1,3,March,Thursday,13,False,2022-03,7.4178,13.0,Standard ($7-10),Medium,Spring,High
IIZ-24416-212,2021-05-31,76060-30540-LB,R-D-0.5,6,Baxy Cargen,bcargenow@geocities.jp,United States,0.5,5.369999999999999,32.22,Robusta,Dark,Yes,Seattle,98148,United States,bcargenow@geocities.jp,Yes,0,+1 (253) 509-6510,0,Rob,0.5,5.369999999999999,0.32219999999999993,2021,2,5,May,Monday,22,False,2021-05,1.9331999999999996,6.0,Budget (<$7),Medium,Spring,High
AWP-11469-510,2020-04-11,76730-63769-ND,E-D-1,2,Ryann Stickler,rsticklerox@printfriendly.com,United Kingdom,1.0,12.15,24.3,Excelsa,Dark,No,Birmingham,B40,United Kingdom,rsticklerox@printfriendly.com,No,0,+44 (830) 367-6129,0,Exc,1.0,12.15,1.3365,2020,2,4,April,Saturday,15,True,2020-04,2.673,11.0,Premium ($10-14),Large,Spring,Medium
SXW-34014-556,2021-01-27,99144-98314-GN,R-L-0.2,1,Drake Jevon,djevonp1@ibm.com,United States,0.2,3.5849999999999995,3.5849999999999995,Robusta,Large,Yes,Houston,77070,United States,djevonp1@ibm.com,Yes,0,+1 (832) 733-7027,0,Rob,0.2,3.5849999999999995,0.21509999999999996,2021,1,1,January,Wednesday,4,False,2021-01,0.21509999999999996,6.0,Budget (<$7),Small,Winter,Low
QOJ-38788-727,2019-06-24,16358-63919-CE,E-M-2.5,5,Hall Ranner,hrannerp2@omniture.com,United States,2.5,31.624999999999996,158.12499999999997,Excelsa,Medium,No,Cincinnati,45249,United States,hrannerp2@omniture.com,No,0,+1 (513) 635-0251,0,Exc,2.5,31.624999999999996,3.47875,2019,2,6,June,Monday,26,False,2019-06,17.393749999999997,11.0,Luxury (>$14),XL,Summer,Top
TGF-38649-658,2020-03-15,67743-54817-UT,L-M-0.5,2,Berkly Imrie,bimriep3@addtoany.com,United States,0.5,8.73,17.46,Libriac,Medium,No,Fresno,93704,United States,bimriep3@addtoany.com,No,0,+1 (559) 761-5288,0,Lib,0.5,8.73,1.1349,2020,1,3,March,Sunday,11,True,2020-03,2.2698,13.0,Standard ($7-10),Medium,Spring,Medium
EAI-25194-209,2021-09-24,44601-51441-BH,A-L-2.5,5,Dorey Sopper,dsopperp4@eventbrite.com,United States,2.5,29.784999999999997,148.92499999999998,Arabica,Large,No,Saint Paul,55123,United States,dsopperp4@eventbrite.com,No,0,+1 (612) 870-1604,0,Ara,2.5,29.784999999999997,2.6806499999999995,2021,3,9,September,Friday,38,False,2021-09,13.403249999999998,9.0,Luxury (>$14),XL,Autumn,Top
ZMC-00336-619,2022-01-27,19849-12926-QF,A-M-0.5,4,Lauritz Ledgley,lledgleyp6@de.vu,United States,0.5,6.75,27.0,Arabica,Medium,Yes,Des Moines,50981,United States,lledgleyp6@de.vu,Yes,0,+1 (515) 261-2295,0,Ara,0.5,6.75,0.6074999999999999,2022,1,1,January,Thursday,4,False,2022-01,2.4299999999999997,9.0,Budget (<$7),Medium,Winter,Medium
UPX-54529-618,2021-09-10,40535-56770-UM,L-D-1,3,Tawnya Menary,tmenaryp7@phoca.cz,United States,1.0,12.95,38.849999999999994,Libriac,Dark,No,Portland,97240,United States,tmenaryp7@phoca.cz,No,0,+1 (971) 467-6353,0,Lib,1.0,12.95,1.6835,2021,3,9,September,Friday,36,False,2021-09,5.0504999999999995,13.0,Premium ($10-14),Large,Autumn,High
DLX-01059-899,2020-01-06,74940-09646-MU,R-L-1,5,Gustaf Ciccotti,gciccottip8@so-net.ne.jp,United States,1.0,11.95,59.75,Robusta,Large,No,Houston,77070,United States,gciccottip8@so-net.ne.jp,No,0,+1 (832) 392-5010,0,Rob,1.0,11.95,0.717,2020,1,1,January,Monday,2,False,2020-01,3.585,6.0,Premium ($10-14),Large,Winter,Top
NFI-37188-246,2021-09-08,89490-75361-AF,A-D-2.5,4,Wilton Jallin,wjallinpa@pcworld.com,United States,2.5,22.884999999999998,91.53999999999999,Arabica,Dark,No,Boston,2298,United States,wjallinpa@pcworld.com,No,0,+1 (617) 201-1702,0,Ara,2.5,22.884999999999998,2.0596499999999995,2021,3,9,September,Wednesday,36,False,2021-09,8.238599999999998,9.0,Luxury (>$14),XL,Autumn,Top
BXH-62195-013,2021-11-11,94526-79230-GZ,A-M-1,4,Mindy Bogey,mbogeypb@thetimes.co.uk,United States,1.0,11.25,45.0,Arabica,Medium,Yes,Washington,20226,United States,mbogeypb@thetimes.co.uk,Yes,0,+1 (202) 479-4238,0,Ara,1.0,11.25,1.0125,2021,4,11,November,Thursday,45,False,2021-11,4.05,9.0,Premium ($10-14),Large,Autumn,High
DXY-76225-633,2021-07-29,88574-37083-WX,A-M-0.5,1,Merrile Cobbledick,mcobbledickpd@ucsd.edu,United States,0.5,6.75,6.75,Arabica,Medium,No,Tucson,85732,United States,mcobbledickpd@ucsd.edu,No,0,+1 (520) 567-8210,0,Ara,0.5,6.75,0.6074999999999999,2021,3,7,July,Thursday,30,False,2021-07,0.6074999999999999,9.0,Budget (<$7),Medium,Summer,Low
UHP-24614-199,2022-03-20,67953-79896-AC,A-M-1,4,Antonius Lewry,alewrype@whitehouse.gov,United States,1.0,11.25,45.0,Arabica,Medium,No,Montgomery,36195,United States,alewrype@whitehouse.gov,No,0,+1 (334) 368-9435,0,Ara,1.0,11.25,1.0125,2022,1,3,March,Sunday,11,True,2022-03,4.05,9.0,Premium ($10-14),Large,Spring,High
HBY-35655-049,2020-05-04,69207-93422-CQ,E-D-2.5,3,Isis Hessel,ihesselpf@ox.ac.uk,United States,2.5,27.945,83.83500000000001,Excelsa,Dark,Yes,Fairbanks,99709,United States,ihesselpf@ox.ac.uk,Yes,0,+1 (907) 873-3538,0,Exc,2.5,27.945,3.07395,2020,2,5,May,Monday,19,False,2020-05,9.22185,11.0,Luxury (>$14),XL,Spring,Top
QTG-93823-843,2022-01-12,46859-14212-FI,A-M-0.5,1,Chloris Sorrell,csorrellph@amazon.com,United Kingdom,0.5,6.75,6.75,Arabica,Medium,No,Norton,S8,United Kingdom,csorrellph@amazon.com,No,0,+44 (160) 225-1993,0,Ara,0.5,6.75,0.6074999999999999,2022,1,1,January,Wednesday,2,False,2022-01,0.6074999999999999,9.0,Budget (<$7),Medium,Winter,Low
QTG-93823-843,2022-01-12,46859-14212-FI,E-D-0.5,3,Chloris Sorrell,csorrellph@amazon.com,United Kingdom,0.5,7.29,21.87,Excelsa,Dark,No,Norton,S8,United Kingdom,csorrellph@amazon.com,No,0,+44 (160) 225-1993,0,Exc,0.5,7.29,0.8019000000000001,2022,1,1,January,Wednesday,2,False,2022-01,2.4057000000000004,11.0,Standard ($7-10),Medium,Winter,Medium
WFT-16178-396,2020-12-16,33555-01585-RP,R-D-0.2,5,Quintina Heavyside,qheavysidepj@unc.edu,United States,0.2,2.6849999999999996,13.424999999999997,Robusta,Dark,Yes,Lexington,40515,United States,qheavysidepj@unc.edu,Yes,0,+1 (859) 572-4305,0,Rob,0.2,2.6849999999999996,0.16109999999999997,2020,4,12,December,Wednesday,51,False,2020-12,0.8054999999999999,6.0,Budget (<$7),Small,Winter,Low
ERC-54560-934,2022-05-30,11932-85629-CU,R-D-2.5,6,Hadley Reuven,hreuvenpk@whitehouse.gov,United States,2.5,20.584999999999997,123.50999999999999,Robusta,Dark,No,Grand Rapids,49560,United States,hreuvenpk@whitehouse.gov,No,0,+1 (616) 851-0525,0,Rob,2.5,20.584999999999997,1.2350999999999999,2022,2,5,May,Monday,22,False,2022-05,7.410599999999999,6.0,Luxury (>$14),XL,Spring,Top
RUK-78200-416,2021-11-09,36192-07175-XC,L-D-0.2,2,Mitch Attwool,mattwoolpl@nba.com,United States,0.2,3.885,7.77,Libriac,Dark,No,Des Moines,50369,United States,mattwoolpl@nba.com,No,0,+1 (515) 821-3701,0,Lib,0.2,3.885,0.50505,2021,4,11,November,Tuesday,45,False,2021-11,1.0101,13.0,Budget (<$7),Small,Autumn,Low
NJR-03699-189,2019-10-08,95152-82155-VQ,E-D-2.5,1,Goldie Wynes,gwynespn@dagondesign.com,United States,2.5,27.945,27.945,Excelsa,Dark,No,Austin,78726,United States,gwynespn@dagondesign.com,No,0,+1 (512) 118-8603,0,Exc,2.5,27.945,3.07395,2019,4,10,October,Tuesday,41,False,2019-10,3.07395,11.0,Luxury (>$14),XL,Autumn,Medium
PJV-20427-019,2021-09-12,13404-39127-WQ,A-L-2.5,3,Celie MacCourt,cmaccourtpo@amazon.com,United States,2.5,29.784999999999997,89.35499999999999,Arabica,Large,No,Orlando,32835,United States,cmaccourtpo@amazon.com,No,0,UNKNOWN,1,Ara,2.5,29.784999999999997,2.6806499999999995,2021,3,9,September,Sunday,36,True,2021-09,8.041949999999998,9.0,Luxury (>$14),XL,Autumn,Top
OLA-68289-577,2020-06-30,40226-52317-IO,A-M-0.5,5,Evy Wilsone,ewilsonepq@eepurl.com,United States,0.5,6.75,33.75,Arabica,Medium,Yes,Washington,20238,United States,ewilsonepq@eepurl.com,Yes,0,+1 (202) 969-6382,0,Ara,0.5,6.75,0.6074999999999999,2020,2,6,June,Tuesday,27,False,2020-06,3.0374999999999996,9.0,Budget (<$7),Medium,Summer,High
TNR-84447-052,2019-01-09,34419-18068-AG,E-D-2.5,4,Dolores Duffie,dduffiepr@time.com,United States,2.5,27.945,111.78,Excelsa,Dark,No,Portland,97271,United States,dduffiepr@time.com,No,0,+1 (971) 936-3214,0,Exc,2.5,27.945,3.07395,2019,1,1,January,Wednesday,2,False,2019-01,12.2958,11.0,Luxury (>$14),XL,Winter,Top
FBZ-64200-586,2022-07-12,51738-61457-RS,E-M-2.5,2,Mathilda Matiasek,mmatiasekps@ucoz.ru,United States,2.5,31.624999999999996,63.24999999999999,Excelsa,Medium,Yes,New York City,10004,United States,mmatiasekps@ucoz.ru,Yes,0,UNKNOWN,1,Exc,2.5,31.624999999999996,3.47875,2022,3,7,July,Tuesday,28,False,2022-07,6.9575,11.0,Luxury (>$14),XL,Summer,Top
OBN-66334-505,2020-11-30,86757-52367-ON,E-L-0.2,2,Jarred Camillo,jcamillopt@shinystat.com,United States,0.2,4.455,8.91,Excelsa,Large,Yes,Washington,20404,United States,jcamillopt@shinystat.com,Yes,0,+1 (202) 572-0994,0,Exc,0.2,4.455,0.49005,2020,4,11,November,Monday,49,False,2020-11,0.9801,11.0,Budget (<$7),Small,Autumn,Low
NXM-89323-646,2019-03-22,28158-93383-CK,E-D-1,1,Kameko Philbrick,kphilbrickpu@cdc.gov,United States,1.0,12.15,12.15,Excelsa,Dark,Yes,Washington,20067,United States,kphilbrickpu@cdc.gov,Yes,0,UNKNOWN,1,Exc,1.0,12.15,1.3365,2019,1,3,March,Friday,12,False,2019-03,1.3365,11.0,Premium ($10-14),Large,Spring,Low
EQH-53569-934,2020-10-13,53667-91553-LT,E-M-1,4,Barnett Sillis,bsillispw@istockphoto.com,United States,1.0,13.75,55.0,Excelsa,Medium,No,Miami,33169,United States,bsillispw@istockphoto.com,No,0,+1 (305) 267-4961,0,Exc,1.0,13.75,1.5125,2020,4,10,October,Tuesday,42,False,2020-10,6.05,11.0,Premium ($10-14),Large,Autumn,High
BYP-16005-016,2021-08-01,01474-63436-TP,R-M-2.5,5,Read Cutts,rcuttspy@techcrunch.com,United States,2.5,22.884999999999998,114.42499999999998,Robusta,Medium,No,Rockford,61105,United States,rcuttspy@techcrunch.com,No,0,+1 (815) 758-8653,0,Rob,2.5,22.884999999999998,1.3730999999999998,2021,3,8,August,Sunday,30,True,2021-08,6.865499999999999,6.0,Luxury (>$14),XL,Summer,Top
LWS-13938-905,2020-11-18,90533-82440-EE,A-M-2.5,6,Michale Delves,mdelvespz@nature.com,United States,2.5,25.874999999999996,155.24999999999997,Arabica,Medium,Yes,Montgomery,36177,United States,mdelvespz@nature.com,Yes,0,+1 (334) 881-9178,0,Ara,2.5,25.874999999999996,2.3287499999999994,2020,4,11,November,Wednesday,47,False,2020-11,13.972499999999997,9.0,Luxury (>$14),XL,Autumn,Top
OLH-95722-362,2021-10-24,48553-69225-VX,L-D-0.5,3,Devland Gritton,dgrittonq0@nydailynews.com,United States,0.5,7.77,23.31,Libriac,Dark,Yes,Pasadena,91117,United States,dgrittonq0@nydailynews.com,Yes,0,+1 (626) 968-5148,0,Lib,0.5,7.77,1.0101,2021,4,10,October,Sunday,42,True,2021-10,3.0303,13.0,Standard ($7-10),Medium,Autumn,Medium
OLH-95722-362,2021-10-24,48553-69225-VX,R-M-2.5,4,Devland Gritton,dgrittonq0@nydailynews.com,United States,2.5,22.884999999999998,91.53999999999999,Robusta,Medium,Yes,Pasadena,91117,United States,dgrittonq0@nydailynews.com,Yes,0,+1 (626) 968-5148,0,Rob,2.5,22.884999999999998,1.3730999999999998,2021,4,10,October,Sunday,42,True,2021-10,5.492399999999999,6.0,Luxury (>$14),XL,Autumn,Top
KCW-50949-318,2019-12-30,52374-27313-IV,E-L-1,5,Dell Gut,dgutq2@umich.edu,United States,1.0,14.85,74.25,Excelsa,Large,Yes,Houston,77293,United States,dgutq2@umich.edu,Yes,0,+1 (281) 648-9915,0,Exc,1.0,14.85,1.6335,2019,4,12,December,Monday,1,False,2019-12,8.1675,11.0,Luxury (>$14),Large,Winter,Top
JGZ-16947-591,2021-02-02,14264-41252-SL,L-L-0.2,6,Willy Pummery,wpummeryq3@topsy.com,United States,0.2,4.755,28.53,Libriac,Large,No,Muskegon,49444,United States,wpummeryq3@topsy.com,No,0,+1 (231) 416-9594,0,Lib,0.2,4.755,0.61815,2021,1,2,February,Tuesday,5,False,2021-02,3.7089,13.0,Budget (<$7),Small,Winter,Medium
LXS-63326-144,2021-05-16,35367-50483-AR,R-L-0.5,2,Geoffrey Siuda,gsiudaq4@nytimes.com,United States,0.5,7.169999999999999,14.339999999999998,Robusta,Large,Yes,Washington,20380,United States,gsiudaq4@nytimes.com,Yes,0,+1 (202) 315-8135,0,Rob,0.5,7.169999999999999,0.4301999999999999,2021,2,5,May,Sunday,19,True,2021-05,0.8603999999999998,6.0,Standard ($7-10),Medium,Spring,Low
CZG-86544-655,2022-04-23,69443-77665-QW,A-L-0.5,2,Henderson Crowne,hcrowneq5@wufoo.com,Ireland,0.5,7.77,15.54,Arabica,Large,Yes,Sallins,W91,Ireland,hcrowneq5@wufoo.com,Yes,0,+353 (476) 525-5512,0,Ara,0.5,7.77,0.6992999999999999,2022,2,4,April,Saturday,16,True,2022-04,1.3985999999999998,9.0,Standard ($7-10),Medium,Spring,Medium
WFV-88138-247,2021-09-25,63411-51758-QC,R-L-1,3,Vernor Pawsey,vpawseyq6@tiny.cc,United States,1.0,11.95,35.849999999999994,Robusta,Large,No,Macon,31205,United States,vpawseyq6@tiny.cc,No,0,+1 (478) 568-4944,0,Rob,1.0,11.95,0.717,2021,3,9,September,Saturday,38,True,2021-09,2.151,6.0,Premium ($10-14),Large,Autumn,High
RFG-28227-288,2022-06-07,68605-21835-UF,A-L-0.5,6,Augustin Waterhouse,awaterhouseq7@istockphoto.com,United States,0.5,7.77,46.62,Arabica,Large,No,Shreveport,71105,United States,awaterhouseq7@istockphoto.com,No,0,+1 (318) 129-0806,0,Ara,0.5,7.77,0.6992999999999999,2022,2,6,June,Tuesday,23,False,2022-06,4.195799999999999,9.0,Standard ($7-10),Medium,Summer,High
QAK-77286-758,2020-08-11,34786-30419-XY,R-L-0.5,5,Fanchon Haughian,fhaughianq8@1688.com,United States,0.5,7.169999999999999,35.849999999999994,Robusta,Large,No,Tacoma,98405,United States,fhaughianq8@1688.com,No,0,+1 (253) 974-5538,0,Rob,0.5,7.169999999999999,0.4301999999999999,2020,3,8,August,Tuesday,33,False,2020-08,2.151,6.0,Standard ($7-10),Medium,Summer,High
WJJ-37489-898,2021-04-08,31599-82152-AD,A-M-1,1,Rickie Faltin,rfaltinqb@topsy.com,Ireland,1.0,11.25,11.25,Arabica,Medium,No,Portumna,V31,Ireland,rfaltinqb@topsy.com,No,0,UNKNOWN,1,Ara,1.0,11.25,1.0125,2021,2,4,April,Thursday,14,False,2021-04,1.0125,9.0,Premium ($10-14),Large,Spring,Low
ORX-57454-917,2021-09-06,76209-39601-ZR,E-D-2.5,3,Gnni Cheeke,gcheekeqc@sitemeter.com,United Kingdom,2.5,27.945,83.83500000000001,Excelsa,Dark,Yes,London,EC3M,United Kingdom,gcheekeqc@sitemeter.com,Yes,0,+44 (677) 694-1404,0,Exc,2.5,27.945,3.07395,2021,3,9,September,Monday,36,False,2021-09,9.22185,11.0,Luxury (>$14),XL,Autumn,Top
GRB-68838-629,2021-09-10,15064-65241-HB,R-L-2.5,4,Gwenni Ratt,grattqd@phpbb.com,Ireland,2.5,27.484999999999996,109.93999999999998,Robusta,Large,No,Castlemartyr,H71,Ireland,grattqd@phpbb.com,No,0,+353 (878) 618-9723,0,Rob,2.5,27.484999999999996,1.6490999999999998,2021,3,9,September,Friday,36,False,2021-09,6.596399999999999,6.0,Luxury (>$14),XL,Autumn,Top
UQI-28177-865,2020-09-18,04317-46176-TB,R-L-0.2,6,Ingamar Eberlein,ieberleinqf@hc360.com,United States,0.2,3.5849999999999995,21.509999999999998,Robusta,Large,No,Harrisburg,17121,United States,ieberleinqf@hc360.com,No,0,+1 (717) 323-3451,0,Rob,0.2,3.5849999999999995,0.21509999999999996,2020,3,9,September,Friday,38,False,2020-09,1.2905999999999997,6.0,Budget (<$7),Small,Autumn,Medium
OIB-13664-879,2021-08-31,04713-57765-KR,A-M-1,2,Jilly Dreng,jdrengqg@uiuc.edu,Ireland,1.0,11.25,22.5,Arabica,Medium,Yes,Sallins,W91,Ireland,jdrengqg@uiuc.edu,Yes,0,+353 (350) 974-1489,0,Ara,1.0,11.25,1.0125,2021,3,8,August,Tuesday,35,False,2021-08,2.025,9.0,Premium ($10-14),Large,Summer,Medium
GUG-45603-775,2022-02-06,40959-32642-DN,L-L-0.2,5,Rhodie Strathern,rstrathernqn@devhub.com,United States,0.2,4.755,23.775,Libriac,Large,Yes,Little Rock,72215,United States,rstrathernqn@devhub.com,Yes,0,UNKNOWN,1,Lib,0.2,4.755,0.61815,2022,1,2,February,Sunday,5,True,2022-02,3.09075,13.0,Budget (<$7),Small,Winter,Medium
KJB-98240-098,2022-01-30,77746-08153-PM,L-L-1,5,Chad Miguel,cmiguelqo@exblog.jp,United States,1.0,15.85,79.25,Libriac,Large,Yes,Hagerstown,21747,United States,cmiguelqo@exblog.jp,Yes,0,+1 (240) 449-8992,0,Lib,1.0,15.85,2.0605,2022,1,1,January,Sunday,4,True,2022-01,10.302500000000002,13.0,Luxury (>$14),Large,Winter,Top
YIT-15877-117,2022-04-13,24155-79322-EQ,R-D-1,1,Morly Rocks,mrocksqq@exblog.jp,Ireland,1.0,8.95,8.95,Robusta,Dark,Yes,Crossmolina,A98,Ireland,mrocksqq@exblog.jp,Yes,0,+353 (731) 124-0228,0,Rob,1.0,8.95,0.5369999999999999,2022,2,4,April,Wednesday,15,False,2022-04,0.5369999999999999,6.0,Standard ($7-10),Large,Spring,Low
YVK-82679-655,2021-01-07,95342-88311-SF,R-M-0.5,4,Yuri Burrells,yburrellsqr@vinaora.com,United States,0.5,5.97,23.88,Robusta,Medium,Yes,Lexington,40510,United States,yburrellsqr@vinaora.com,Yes,0,+1 (859) 101-4742,0,Rob,0.5,5.97,0.35819999999999996,2021,1,1,January,Thursday,1,False,2021-01,1.4327999999999999,6.0,Budget (<$7),Medium,Winter,Medium
TYH-81940-054,2020-02-04,69374-08133-RI,E-L-0.2,5,Cleopatra Goodrum,cgoodrumqs@goodreads.com,United States,0.2,4.455,22.275,Excelsa,Large,No,San Diego,92165,United States,cgoodrumqs@goodreads.com,No,0,+1 (619) 944-5888,0,Exc,0.2,4.455,0.49005,2020,1,2,February,Tuesday,6,False,2020-02,2.45025,11.0,Budget (<$7),Small,Winter,Medium
HTY-30660-254,2019-09-16,83844-95908-RX,R-M-1,3,Joey Jefferys,jjefferysqt@blog.com,United States,1.0,9.95,29.849999999999998,Robusta,Medium,Yes,Los Angeles,90040,United States,jjefferysqt@blog.com,Yes,0,UNKNOWN,1,Rob,1.0,9.95,0.597,2019,3,9,September,Monday,38,False,2019-09,1.791,6.0,Standard ($7-10),Large,Autumn,High
GPW-43956-761,2019-01-26,09667-09231-YM,E-L-0.5,6,Bearnard Wardell,bwardellqu@adobe.com,United States,0.5,8.91,53.46,Excelsa,Large,Yes,Brooklyn,11210,United States,bwardellqu@adobe.com,Yes,0,+1 (347) 311-2289,0,Exc,0.5,8.91,0.9801,2019,1,1,January,Saturday,4,True,2019-01,5.880599999999999,11.0,Standard ($7-10),Medium,Winter,High
DWY-56352-412,2021-02-19,55427-08059-DF,R-D-0.2,1,Zeke Walisiak,zwalisiakqv@ucsd.edu,Ireland,0.2,2.6849999999999996,2.6849999999999996,Robusta,Dark,Yes,Booterstown,D04,Ireland,zwalisiakqv@ucsd.edu,Yes,0,+353 (848) 172-8155,0,Rob,0.2,2.6849999999999996,0.16109999999999997,2021,1,2,February,Friday,7,False,2021-02,0.16109999999999997,6.0,Budget (<$7),Small,Winter,Low
PUH-55647-976,2022-03-22,06624-54037-BQ,R-M-0.2,2,Wiley Leopold,wleopoldqw@blogspot.com,United States,0.2,2.985,5.97,Robusta,Medium,No,Gainesville,32627,United States,wleopoldqw@blogspot.com,No,0,+1 (352) 173-9191,0,Rob,0.2,2.985,0.17909999999999998,2022,1,3,March,Tuesday,12,False,2022-03,0.35819999999999996,6.0,Budget (<$7),Small,Spring,Low
DTB-71371-705,2019-07-03,48544-90737-AZ,L-D-1,1,Chiarra Shalders,cshaldersqx@cisco.com,United States,1.0,12.95,12.95,Libriac,Dark,Yes,Clearwater,34620,United States,cshaldersqx@cisco.com,Yes,0,+1 (305) 787-2810,0,Lib,1.0,12.95,1.6835,2019,3,7,July,Wednesday,27,False,2019-07,1.6835,13.0,Premium ($10-14),Large,Summer,Low
TED-81959-419,2019-08-26,27702-50024-XC,A-L-2.5,5,Noni Furber,nfurberqz@jugem.jp,United States,2.5,29.784999999999997,148.92499999999998,Arabica,Large,No,Fort Worth,76121,United States,nfurberqz@jugem.jp,No,0,+1 (817) 813-2784,0,Ara,2.5,29.784999999999997,2.6806499999999995,2019,3,8,August,Monday,35,False,2019-08,13.403249999999998,9.0,Luxury (>$14),XL,Summer,Top
HKN-31467-517,2021-10-24,84045-66771-SL,L-M-1,6,Charlean Keave,ckeaver1@ucoz.com,United States,1.0,14.55,87.30000000000001,Libriac,Medium,No,Pensacola,32575,United States,ckeaver1@ucoz.com,No,0,+1 (850) 410-9647,0,Lib,1.0,14.55,1.8915000000000002,2021,4,10,October,Sunday,42,True,2021-10,11.349,13.0,Luxury (>$14),Large,Autumn,Top
POF-29666-012,2019-04-01,46885-00260-TL,R-D-0.5,1,Sada Roseborough,sroseboroughr2@virginia.edu,United States,0.5,5.369999999999999,5.369999999999999,Robusta,Dark,Yes,Tacoma,98405,United States,sroseboroughr2@virginia.edu,Yes,0,+1 (253) 735-5179,0,Rob,0.5,5.369999999999999,0.32219999999999993,2019,2,4,April,Monday,14,False,2019-04,0.32219999999999993,6.0,Budget (<$7),Medium,Spring,Low
IRX-59256-644,2021-12-08,96446-62142-EN,A-D-0.2,3,Clayton Kingwell,ckingwellr3@squarespace.com,Ireland,0.2,2.985,8.955,Arabica,Dark,Yes,Rathnew,R35,Ireland,ckingwellr3@squarespace.com,Yes,0,+353 (182) 469-0985,0,Ara,0.2,2.985,0.26865,2021,4,12,December,Wednesday,49,False,2021-12,0.8059499999999999,9.0,Budget (<$7),Small,Winter,Low
LTN-89139-350,2019-06-27,07756-71018-GU,R-L-2.5,5,Kacy Canto,kcantor4@gmpg.org,United States,2.5,27.484999999999996,137.42499999999998,Robusta,Large,Yes,Fort Wayne,46896,United States,kcantor4@gmpg.org,Yes,0,+1 (260) 735-9621,0,Rob,2.5,27.484999999999996,1.6490999999999998,2019,2,6,June,Thursday,26,False,2019-06,8.2455,6.0,Luxury (>$14),XL,Summer,Top
TXF-79780-017,2020-07-14,92048-47813-QB,R-L-1,5,Mab Blakemore,mblakemorer5@nsw.gov.au,United States,1.0,11.95,59.75,Robusta,Large,No,Amarillo,79105,United States,mblakemorer5@nsw.gov.au,No,0,+1 (806) 227-6812,0,Rob,1.0,11.95,0.717,2020,3,7,July,Tuesday,29,False,2020-07,3.585,6.0,Premium ($10-14),Large,Summer,Top
ALM-80762-974,2020-03-23,84045-66771-SL,A-L-0.5,3,Charlean Keave,ckeaver1@ucoz.com,United States,0.5,7.77,23.31,Arabica,Large,No,Pensacola,32575,United States,ckeaver1@ucoz.com,No,0,+1 (850) 410-9647,0,Ara,0.5,7.77,0.6992999999999999,2020,1,3,March,Monday,13,False,2020-03,2.0978999999999997,9.0,Standard ($7-10),Medium,Spring,Medium
KUX-19632-830,2021-07-20,55409-07759-YG,E-D-0.2,6,Chloette Bernardot,cbernardotr9@wix.com,United States,0.2,3.645,21.87,Excelsa,Dark,Yes,Conroe,77305,United States,cbernardotr9@wix.com,Yes,0,+1 (936) 783-5732,0,Exc,0.2,3.645,0.40095000000000003,2021,3,7,July,Tuesday,29,False,2021-07,2.4057000000000004,11.0,Budget (<$7),Small,Summer,Medium
SNZ-44595-152,2022-08-12,06136-65250-PG,R-L-1,2,Kim Kemery,kkemeryra@t.co,United States,1.0,11.95,23.9,Robusta,Large,Yes,Denton,76205,United States,kkemeryra@t.co,Yes,0,+1 (817) 407-3513,0,Rob,1.0,11.95,0.717,2022,3,8,August,Friday,32,False,2022-08,1.434,6.0,Premium ($10-14),Large,Summer,Medium
GQA-37241-629,2020-01-01,08405-33165-BS,A-M-0.2,2,Fanchette Parlot,fparlotrb@forbes.com,United States,0.2,3.375,6.75,Arabica,Medium,Yes,Columbus,43231,United States,fparlotrb@forbes.com,Yes,0,+1 (614) 706-1246,0,Ara,0.2,3.375,0.30374999999999996,2020,1,1,January,Wednesday,1,False,2020-01,0.6074999999999999,9.0,Budget (<$7),Small,Winter,Low
WVV-79948-067,2021-01-18,66070-30559-WI,E-M-2.5,1,Ramon Cheak,rcheakrc@tripadvisor.com,Ireland,2.5,31.624999999999996,31.624999999999996,Excelsa,Medium,Yes,Bundoran,F94,Ireland,rcheakrc@tripadvisor.com,Yes,0,UNKNOWN,1,Exc,2.5,31.624999999999996,3.47875,2021,1,1,January,Monday,3,False,2021-01,3.47875,11.0,Luxury (>$14),XL,Winter,High
LHX-81117-166,2021-12-31,01282-28364-RZ,R-L-1,4,Koressa O'Geneay,kogeneayrd@utexas.edu,United States,1.0,11.95,47.8,Robusta,Large,No,Aurora,80045,United States,kogeneayrd@utexas.edu,No,0,+1 (303) 637-0326,0,Rob,1.0,11.95,0.717,2021,4,12,December,Friday,52,False,2021-12,2.868,6.0,Premium ($10-14),Large,Winter,High
GCD-75444-320,2020-05-04,51277-93873-RP,L-M-2.5,1,Claudell Ayre,cayrere@symantec.com,United States,2.5,33.464999999999996,33.464999999999996,Libriac,Medium,No,Daytona Beach,32128,United States,cayrere@symantec.com,No,0,+1 (386) 573-2575,0,Lib,2.5,33.464999999999996,4.3504499999999995,2020,2,5,May,Monday,19,False,2020-05,4.3504499999999995,13.0,Luxury (>$14),XL,Spring,High
SGA-30059-217,2021-02-20,84405-83364-DG,A-D-0.5,5,Lorianne Kyneton,lkynetonrf@macromedia.com,United Kingdom,0.5,5.97,29.849999999999998,Arabica,Dark,Yes,Seaton,LE15,United Kingdom,lkynetonrf@macromedia.com,Yes,0,+44 (618) 634-9365,0,Ara,0.5,5.97,0.5373,2021,1,2,February,Saturday,7,True,2021-02,2.6865,9.0,Budget (<$7),Medium,Winter,High
RLM-96511-467,2020-01-06,43014-53743-XK,R-L-2.5,1,Jennica Tewelson,jtewelsonrn@samsung.com,United States,2.5,27.484999999999996,27.484999999999996,Robusta,Large,No,Dallas,75210,United States,jtewelsonrn@samsung.com,No,0,+1 (469) 573-8379,0,Rob,2.5,27.484999999999996,1.6490999999999998,2020,1,1,January,Monday,2,False,2020-01,1.6490999999999998,6.0,Luxury (>$14),XL,Winter,Medium
GJC-66474-557,2021-08-03,64965-78386-MY,A-D-1,1,Nicolina Jenny,njennyrq@bigcartel.com,United States,1.0,9.95,9.95,Arabica,Dark,No,Whittier,90610,United States,njennyrq@bigcartel.com,No,0,+1 (562) 679-4750,0,Ara,1.0,9.95,0.8954999999999999,2021,3,8,August,Tuesday,31,False,2021-08,0.8954999999999999,9.0,Standard ($7-10),Large,Summer,Low
